transaction_id,customer_id,merchant_id,transaction_timestamp,amount,transaction_type,merchant_category,city,state,channel,card_type
T0001,C079,M029,2026-04-06 22:10:00,1014.87,Purchase,Travel,City_18,CA,Online,Debit
T0002,C001,M007,2026-04-04 19:08:00,2118.25,Purchase,Retail,City_1,CA,POS,Debit
T0003,C071,M004,2026-04-01 10:33:00,1150.68,Purchase,Grocery,City_11,NY,POS,Debit
T0004,C034,M003,2026-04-06 20:45:00,3102.66,Purchase,Online,City_16,TX,POS,Debit
T0005,C033,M020,2026-04-07 02:17:00,460.85,Purchase,Travel,City_2,TX,POS,Debit
T0006,C040,M021,2026-04-03 16:59:00,3592.05,Purchase,Electronics,City_12,NY,POS,Debit
T0007,C041,M029,2026-04-06 04:34:00,1993.48,Purchase,Travel,City_20,WA,Online,Credit
T0008,C068,M012,2026-04-06 16:44:00,3175.82,Purchase,Grocery,City_17,NY,POS,Credit
T0009,C038,M016,2026-04-06 16:00:00,2513.38,Purchase,Retail,City_7,NY,POS,Credit
T0010,C034,M021,2026-04-02 04:58:00,4555.7,Purchase,Electronics,City_18,TX,POS,Credit
T0011,C064,M002,2026-04-02 15:13:00,2223.77,Purchase,Luxury,City_15,CA,POS,Debit
T0012,C069,M002,2026-04-05 03:50:00,1191.01,Purchase,Luxury,City_16,FL,Online,Debit
T0013,C012,M027,2026-04-03 13:59:00,1586.44,Purchase,Online,City_20,IL,POS,Credit
T0014,C089,M025,2026-04-01 11:37:00,2260.77,Purchase,Retail,City_18,FL,Online,Credit
T0015,C020,M013,2026-04-02 21:11:00,3325.68,Purchase,Retail,City_2,FL,Online,Debit
T0016,C081,M027,2026-04-02 06:28:00,3975.58,Purchase,Online,City_2,WA,Online,Credit
T0017,C029,M011,2026-04-03 22:38:00,2940.72,Purchase,Luxury,City_3,FL,Online,Debit
T0018,C081,M004,2026-04-04 03:36:00,346.42,Purchase,Grocery,City_1,TX,Online,Credit
T0019,C069,M020,2026-04-03 10:00:00,475.46,Purchase,Travel,City_13,WA,POS,Credit
T0020,C061,M002,2026-04-07 09:27:00,4986.65,Purchase,Luxury,City_16,CA,Online,Debit
T0021,C100,M010,2026-04-04 06:02:00,1658.13,Purchase,Grocery,City_13,CA,POS,Credit
T0022,C076,M008,2026-04-02 10:49:00,1564.52,Purchase,Travel,City_17,WA,Online,Credit
T0023,C005,M016,2026-04-05 05:03:00,3821.13,Purchase,Retail,City_7,IL,Online,Credit
T0024,C092,M006,2026-04-03 10:01:00,3985.36,Purchase,Electronics,City_12,TX,Online,Credit
T0025,C024,M002,2026-04-02 23:32:00,4582.14,Purchase,Luxury,City_11,CA,Online,Debit
T0026,C045,M028,2026-04-04 07:30:00,3708.0,Purchase,Grocery,City_16,TX,POS,Debit
T0027,C083,M005,2026-04-01 18:50:00,1414.45,Purchase,Luxury,City_1,CA,POS,Debit
T0028,C075,M022,2026-04-06 12:10:00,4850.41,Purchase,Online,City_9,NY,Online,Debit
T0029,C009,M011,2026-04-04 17:21:00,3043.19,Purchase,Luxury,City_5,IL,POS,Debit
T0030,C014,M011,2026-04-02 21:03:00,3776.77,Purchase,Luxury,City_13,CA,POS,Credit
T0031,C094,M022,2026-04-06 03:48:00,225.19,Purchase,Online,City_12,CA,POS,Credit
T0032,C029,M003,2026-04-07 02:50:00,4544.04,Purchase,Online,City_9,WA,POS,Credit
T0033,C041,M010,2026-04-04 23:40:00,4074.57,Purchase,Grocery,City_19,CA,Online,Credit
T0034,C081,M028,2026-04-04 17:52:00,1430.68,Purchase,Grocery,City_4,TX,Online,Credit
T0035,C003,M010,2026-04-07 14:10:00,3052.23,Purchase,Grocery,City_20,CA,POS,Credit
T0036,C015,M014,2026-04-07 10:05:00,2567.41,Purchase,Grocery,City_14,FL,Online,Credit
T0037,C077,M002,2026-04-04 03:56:00,4289.75,Purchase,Luxury,City_15,TX,Online,Debit
T0038,C029,M001,2026-04-02 12:24:00,332.01,Purchase,Luxury,City_19,TX,POS,Debit
T0039,C010,M018,2026-04-04 00:10:00,2346.38,Purchase,Electronics,City_20,TX,Online,Credit
T0040,C049,M020,2026-04-04 15:49:00,3387.82,Purchase,Travel,City_3,WA,Online,Credit
T0041,C050,M002,2026-04-01 22:43:00,4198.16,Purchase,Luxury,City_3,CA,POS,Credit
T0042,C023,M025,2026-04-02 09:15:00,1846.27,Purchase,Retail,City_15,CA,POS,Credit
T0043,C038,M010,2026-04-01 07:35:00,3169.02,Purchase,Grocery,City_1,WA,POS,Debit
T0044,C014,M027,2026-04-04 13:58:00,4324.95,Purchase,Online,City_13,WA,Online,Debit
T0045,C049,M022,2026-04-02 11:56:00,2168.66,Purchase,Online,City_17,CA,POS,Debit
T0046,C082,M021,2026-04-03 06:05:00,14.31,Purchase,Electronics,City_3,IL,Online,Credit
T0047,C045,M020,2026-04-01 06:13:00,3056.33,Purchase,Travel,City_10,FL,Online,Credit
T0048,C062,M006,2026-04-07 10:30:00,4320.18,Purchase,Electronics,City_3,TX,POS,Credit
T0049,C084,M013,2026-04-03 21:37:00,4808.35,Purchase,Retail,City_16,IL,POS,Credit
T0050,C042,M028,2026-04-05 09:31:00,4898.33,Purchase,Grocery,City_14,NY,POS,Debit
T0051,C072,M013,2026-04-01 04:18:00,2084.07,Purchase,Retail,City_20,CA,Online,Debit
T0052,C062,M024,2026-04-04 00:41:00,1230.89,Purchase,Electronics,City_2,FL,POS,Credit
T0053,C048,M005,2026-04-04 14:02:00,3942.62,Purchase,Luxury,City_12,CA,Online,Debit
T0054,C043,M007,2026-04-07 18:09:00,1995.72,Purchase,Retail,City_10,CA,Online,Debit
T0055,C034,M013,2026-04-03 10:44:00,1763.81,Purchase,Retail,City_11,WA,Online,Debit
T0056,C019,M016,2026-04-07 06:29:00,861.9,Purchase,Retail,City_12,IL,Online,Debit
T0057,C018,M006,2026-04-03 11:27:00,313.64,Purchase,Electronics,City_11,TX,Online,Credit
T0058,C019,M013,2026-04-07 00:12:00,2101.61,Purchase,Retail,City_16,FL,POS,Credit
T0059,C002,M011,2026-04-01 12:38:00,3295.31,Purchase,Luxury,City_4,TX,Online,Debit
T0060,C012,M014,2026-04-01 11:28:00,283.67,Purchase,Grocery,City_1,TX,POS,Credit
T0061,C088,M028,2026-04-04 12:43:00,3624.32,Purchase,Grocery,City_8,WA,POS,Debit
T0062,C034,M027,2026-04-04 20:37:00,1042.34,Purchase,Online,City_3,CA,POS,Debit
T0063,C057,M021,2026-04-02 03:36:00,760.43,Purchase,Electronics,City_17,CA,POS,Debit
T0064,C060,M009,2026-04-04 00:03:00,1396.08,Purchase,Luxury,City_17,TX,Online,Credit
T0065,C006,M023,2026-04-07 11:47:00,1586.22,Purchase,Retail,City_16,CA,Online,Debit
T0066,C045,M025,2026-04-01 02:37:00,1754.56,Purchase,Retail,City_11,CA,POS,Credit
T0067,C095,M026,2026-04-04 03:37:00,2754.42,Purchase,Retail,City_14,FL,POS,Credit
T0068,C085,M012,2026-04-02 18:57:00,3114.69,Purchase,Grocery,City_13,FL,Online,Debit
T0069,C048,M003,2026-04-05 02:30:00,1183.0,Purchase,Online,City_16,WA,Online,Credit
T0070,C024,M002,2026-04-06 22:11:00,493.17,Purchase,Luxury,City_14,WA,POS,Debit
T0071,C097,M014,2026-04-04 00:18:00,149.48,Purchase,Grocery,City_6,WA,Online,Debit
T0072,C009,M026,2026-04-07 00:47:00,2761.7,Purchase,Retail,City_5,WA,POS,Debit
T0073,C065,M011,2026-04-01 22:14:00,519.5,Purchase,Luxury,City_15,CA,Online,Credit
T0074,C073,M006,2026-04-07 05:46:00,1978.38,Purchase,Electronics,City_7,IL,POS,Credit
T0075,C032,M021,2026-04-06 08:32:00,4840.86,Purchase,Electronics,City_11,CA,Online,Credit
T0076,C005,M004,2026-04-05 10:41:00,700.54,Purchase,Grocery,City_8,NY,POS,Debit
T0077,C093,M003,2026-04-07 08:24:00,4327.12,Purchase,Online,City_3,IL,POS,Credit
T0078,C035,M013,2026-04-02 15:30:00,1540.3,Purchase,Retail,City_13,IL,Online,Credit
T0079,C100,M018,2026-04-07 18:59:00,2959.32,Purchase,Electronics,City_7,FL,Online,Debit
T0080,C027,M011,2026-04-04 00:03:00,2433.91,Purchase,Luxury,City_20,TX,Online,Debit
T0081,C027,M015,2026-04-02 02:48:00,2153.17,Purchase,Electronics,City_20,IL,POS,Credit
T0082,C055,M026,2026-04-05 16:56:00,3228.27,Purchase,Retail,City_6,CA,Online,Debit
T0083,C020,M014,2026-04-06 12:00:00,1760.86,Purchase,Grocery,City_9,CA,POS,Debit
T0084,C087,M024,2026-04-07 22:13:00,341.68,Purchase,Electronics,City_6,IL,POS,Credit
T0085,C047,M004,2026-04-06 23:44:00,4280.32,Purchase,Grocery,City_6,NY,Online,Debit
T0086,C012,M017,2026-04-02 03:46:00,746.89,Purchase,Travel,City_1,CA,Online,Debit
T0087,C068,M025,2026-04-05 03:36:00,3039.24,Purchase,Retail,City_8,IL,POS,Credit
T0088,C080,M015,2026-04-04 09:46:00,3438.05,Purchase,Electronics,City_13,TX,Online,Debit
T0089,C082,M027,2026-04-04 03:45:00,2687.25,Purchase,Online,City_14,NY,POS,Debit
T0090,C060,M025,2026-04-02 05:18:00,2235.01,Purchase,Retail,City_14,CA,Online,Debit
T0091,C045,M022,2026-04-02 16:01:00,4702.93,Purchase,Online,City_8,CA,Online,Credit
T0092,C040,M003,2026-04-02 17:31:00,1969.65,Purchase,Online,City_17,TX,POS,Debit
T0093,C003,M013,2026-04-01 21:30:00,357.33,Purchase,Retail,City_3,TX,Online,Debit
T0094,C029,M027,2026-04-05 20:58:00,996.43,Purchase,Online,City_7,CA,Online,Credit
T0095,C008,M019,2026-04-03 19:27:00,723.58,Purchase,Luxury,City_11,CA,POS,Debit
T0096,C006,M018,2026-04-07 13:19:00,1309.27,Purchase,Electronics,City_14,IL,Online,Credit
T0097,C047,M021,2026-04-04 15:54:00,4906.42,Purchase,Electronics,City_18,WA,POS,Credit
T0098,C061,M025,2026-04-02 00:47:00,2818.3,Purchase,Retail,City_19,TX,Online,Credit
T0099,C030,M028,2026-04-01 03:55:00,3014.26,Purchase,Grocery,City_14,TX,Online,Debit
T0100,C027,M021,2026-04-05 09:41:00,4494.97,Purchase,Electronics,City_12,IL,POS,Credit
T0101,C087,M005,2026-04-05 14:01:00,826.91,Purchase,Luxury,City_5,TX,Online,Credit
T0102,C064,M009,2026-04-05 06:41:00,777.04,Purchase,Luxury,City_8,WA,POS,Credit
T0103,C053,M008,2026-04-06 15:57:00,389.88,Purchase,Travel,City_9,TX,POS,Credit
T0104,C054,M014,2026-04-07 14:39:00,3891.9,Purchase,Grocery,City_9,WA,POS,Debit
T0105,C015,M026,2026-04-04 18:11:00,4179.9,Purchase,Retail,City_19,FL,POS,Debit
T0106,C022,M020,2026-04-02 02:21:00,2393.27,Purchase,Travel,City_7,NY,POS,Debit
T0107,C083,M018,2026-04-07 17:00:00,1079.98,Purchase,Electronics,City_1,IL,POS,Debit
T0108,C013,M022,2026-04-07 21:29:00,4099.82,Purchase,Online,City_2,IL,POS,Credit
T0109,C049,M013,2026-04-02 10:38:00,2987.79,Purchase,Retail,City_9,TX,POS,Credit
T0110,C074,M004,2026-04-03 03:15:00,1791.73,Purchase,Grocery,City_5,IL,Online,Credit
T0111,C075,M005,2026-04-06 06:05:00,3410.36,Purchase,Luxury,City_17,WA,Online,Credit
T0112,C071,M002,2026-04-05 18:12:00,2047.95,Purchase,Luxury,City_9,FL,Online,Credit
T0113,C046,M008,2026-04-05 13:29:00,65.82,Purchase,Travel,City_4,WA,Online,Debit
T0114,C088,M028,2026-04-01 10:33:00,3773.58,Purchase,Grocery,City_9,WA,POS,Credit
T0115,C039,M004,2026-04-01 07:37:00,4682.08,Purchase,Grocery,City_7,TX,Online,Credit
T0116,C057,M008,2026-04-06 05:47:00,1432.25,Purchase,Travel,City_11,NY,POS,Debit
T0117,C057,M026,2026-04-07 22:29:00,1728.22,Purchase,Retail,City_16,NY,POS,Debit
T0118,C017,M019,2026-04-03 00:33:00,4016.17,Purchase,Luxury,City_11,TX,Online,Debit
T0119,C060,M024,2026-04-06 07:16:00,2302.33,Purchase,Electronics,City_16,NY,POS,Debit
T0120,C083,M003,2026-04-01 04:17:00,1756.15,Purchase,Online,City_1,IL,Online,Debit
T0121,C086,M001,2026-04-02 06:28:00,3476.25,Purchase,Luxury,City_8,CA,Online,Debit
T0122,C002,M011,2026-04-04 01:43:00,3654.49,Purchase,Luxury,City_18,TX,POS,Credit
T0123,C039,M002,2026-04-05 13:52:00,2422.07,Purchase,Luxury,City_15,IL,Online,Credit
T0124,C098,M011,2026-04-07 13:34:00,2171.17,Purchase,Luxury,City_1,WA,POS,Credit
T0125,C048,M007,2026-04-04 15:03:00,3280.28,Purchase,Retail,City_18,WA,POS,Credit
T0126,C096,M010,2026-04-05 07:06:00,3514.32,Purchase,Grocery,City_8,WA,POS,Credit
T0127,C064,M017,2026-04-05 07:01:00,852.46,Purchase,Travel,City_12,IL,POS,Debit
T0128,C082,M003,2026-04-06 03:06:00,4456.9,Purchase,Online,City_12,TX,Online,Debit
T0129,C029,M008,2026-04-02 00:46:00,83.62,Purchase,Travel,City_10,IL,Online,Debit
T0130,C004,M010,2026-04-05 03:20:00,1877.4,Purchase,Grocery,City_20,NY,POS,Credit
T0131,C094,M006,2026-04-02 10:46:00,4932.7,Purchase,Electronics,City_16,IL,Online,Debit
T0132,C036,M004,2026-04-04 12:25:00,2807.98,Purchase,Grocery,City_18,WA,Online,Credit
T0133,C033,M001,2026-04-01 15:29:00,1979.99,Purchase,Luxury,City_15,TX,POS,Credit
T0134,C041,M004,2026-04-04 12:50:00,2311.57,Purchase,Grocery,City_15,TX,Online,Credit
T0135,C065,M002,2026-04-01 03:04:00,4403.98,Purchase,Luxury,City_16,WA,Online,Debit
T0136,C068,M027,2026-04-06 06:46:00,1791.64,Purchase,Online,City_19,FL,POS,Debit
T0137,C061,M008,2026-04-02 19:55:00,1195.19,Purchase,Travel,City_18,FL,POS,Debit
T0138,C012,M021,2026-04-04 03:45:00,666.43,Purchase,Electronics,City_1,WA,POS,Debit
T0139,C014,M008,2026-04-01 17:46:00,2997.01,Purchase,Travel,City_10,CA,POS,Debit
T0140,C044,M028,2026-04-04 12:49:00,228.84,Purchase,Grocery,City_11,WA,Online,Debit
T0141,C020,M019,2026-04-05 19:54:00,2399.66,Purchase,Luxury,City_16,FL,POS,Debit
T0142,C083,M009,2026-04-06 11:07:00,4746.94,Purchase,Luxury,City_4,CA,Online,Debit
T0143,C021,M029,2026-04-06 13:50:00,1851.74,Purchase,Travel,City_14,IL,Online,Credit
T0144,C087,M002,2026-04-05 01:59:00,1164.34,Purchase,Luxury,City_20,WA,POS,Credit
T0145,C087,M011,2026-04-03 08:15:00,4768.75,Purchase,Luxury,City_7,NY,Online,Credit
T0146,C086,M025,2026-04-06 16:10:00,2520.71,Purchase,Retail,City_15,CA,POS,Credit
T0147,C082,M026,2026-04-05 04:56:00,3978.69,Purchase,Retail,City_3,CA,Online,Debit
T0148,C007,M015,2026-04-01 13:43:00,4984.15,Purchase,Electronics,City_15,IL,POS,Debit
T0149,C044,M013,2026-04-02 11:32:00,149.9,Purchase,Retail,City_5,FL,Online,Debit
T0150,C088,M005,2026-04-04 17:59:00,3827.02,Purchase,Luxury,City_20,IL,Online,Credit
T0151,C065,M019,2026-04-02 07:45:00,4368.97,Purchase,Luxury,City_10,NY,POS,Debit
T0152,C001,M006,2026-04-04 16:25:00,2688.61,Purchase,Electronics,City_20,CA,Online,Credit
T0153,C074,M013,2026-04-07 15:58:00,161.36,Purchase,Retail,City_19,NY,POS,Debit
T0154,C074,M030,2026-04-05 03:47:00,4935.24,Purchase,Luxury,City_8,NY,POS,Credit
T0155,C075,M001,2026-04-05 09:26:00,4430.8,Purchase,Luxury,City_14,CA,Online,Debit
T0156,C066,M011,2026-04-05 23:06:00,3185.78,Purchase,Luxury,City_10,CA,POS,Debit
T0157,C010,M016,2026-04-04 15:21:00,925.09,Purchase,Retail,City_6,CA,POS,Credit
T0158,C064,M001,2026-04-01 23:44:00,4114.86,Purchase,Luxury,City_3,NY,POS,Credit
T0159,C026,M001,2026-04-07 14:32:00,2734.46,Purchase,Luxury,City_10,FL,Online,Credit
T0160,C001,M008,2026-04-06 02:11:00,46.75,Purchase,Travel,City_1,TX,Online,Credit
T0161,C044,M008,2026-04-05 15:01:00,2706.12,Purchase,Travel,City_2,FL,Online,Debit
T0162,C068,M004,2026-04-03 00:47:00,1412.44,Purchase,Grocery,City_15,TX,POS,Credit
T0163,C047,M019,2026-04-05 02:27:00,1464.8,Purchase,Luxury,City_12,NY,POS,Debit
T0164,C030,M004,2026-04-07 10:29:00,2946.84,Purchase,Grocery,City_4,IL,Online,Debit
T0165,C097,M024,2026-04-03 03:03:00,2276.43,Purchase,Electronics,City_8,IL,Online,Debit
T0166,C064,M002,2026-04-02 01:20:00,921.61,Purchase,Luxury,City_2,IL,Online,Debit
T0167,C084,M030,2026-04-06 12:56:00,2446.97,Purchase,Luxury,City_17,CA,POS,Debit
T0168,C043,M003,2026-04-05 05:11:00,18.35,Purchase,Online,City_17,CA,Online,Debit
T0169,C011,M011,2026-04-03 13:45:00,4025.36,Purchase,Luxury,City_13,WA,POS,Credit
T0170,C070,M007,2026-04-03 22:14:00,4525.98,Purchase,Retail,City_20,TX,POS,Debit
T0171,C016,M012,2026-04-02 16:23:00,2247.81,Purchase,Grocery,City_15,NY,POS,Credit
T0172,C027,M029,2026-04-03 10:33:00,1596.37,Purchase,Travel,City_15,WA,Online,Credit
T0173,C026,M027,2026-04-04 11:25:00,1894.86,Purchase,Online,City_2,WA,POS,Credit
T0174,C057,M010,2026-04-02 23:19:00,748.21,Purchase,Grocery,City_10,NY,Online,Debit
T0175,C061,M001,2026-04-02 23:42:00,3909.13,Purchase,Luxury,City_9,CA,POS,Debit
T0176,C085,M016,2026-04-01 22:46:00,3005.41,Purchase,Retail,City_13,IL,POS,Credit
T0177,C031,M017,2026-04-01 21:51:00,4411.56,Purchase,Travel,City_11,NY,POS,Debit
T0178,C039,M023,2026-04-03 16:53:00,2518.54,Purchase,Retail,City_3,TX,Online,Credit
T0179,C091,M011,2026-04-04 03:02:00,329.91,Purchase,Luxury,City_1,FL,POS,Debit
T0180,C034,M012,2026-04-02 19:35:00,2769.11,Purchase,Grocery,City_13,CA,POS,Credit
T0181,C005,M007,2026-04-07 19:31:00,1634.39,Purchase,Retail,City_19,WA,Online,Debit
T0182,C014,M018,2026-04-01 09:09:00,2571.62,Purchase,Electronics,City_1,FL,Online,Debit
T0183,C057,M006,2026-04-07 07:32:00,4976.85,Purchase,Electronics,City_8,CA,POS,Debit
T0184,C002,M013,2026-04-02 08:02:00,922.39,Purchase,Retail,City_1,FL,Online,Credit
T0185,C076,M018,2026-04-03 19:46:00,1939.62,Purchase,Electronics,City_5,TX,POS,Credit
T0186,C086,M001,2026-04-03 20:19:00,3863.89,Purchase,Luxury,City_14,WA,POS,Debit
T0187,C021,M004,2026-04-01 21:59:00,203.36,Purchase,Grocery,City_2,IL,POS,Debit
T0188,C079,M001,2026-04-02 06:11:00,3414.14,Purchase,Luxury,City_6,IL,POS,Credit
T0189,C098,M024,2026-04-04 10:02:00,1836.95,Purchase,Electronics,City_20,TX,POS,Debit
T0190,C058,M023,2026-04-05 04:05:00,1644.64,Purchase,Retail,City_11,CA,Online,Debit
T0191,C033,M016,2026-04-02 21:22:00,3169.48,Purchase,Retail,City_11,IL,POS,Debit
T0192,C052,M029,2026-04-06 20:46:00,3805.32,Purchase,Travel,City_16,IL,POS,Debit
T0193,C012,M012,2026-04-06 02:15:00,2968.06,Purchase,Grocery,City_12,WA,Online,Debit
T0194,C050,M026,2026-04-03 18:48:00,4856.47,Purchase,Retail,City_2,WA,Online,Debit
T0195,C083,M025,2026-04-04 05:48:00,3999.19,Purchase,Retail,City_7,WA,Online,Credit
T0196,C005,M015,2026-04-05 15:19:00,1152.04,Purchase,Electronics,City_13,IL,Online,Credit
T0197,C033,M026,2026-04-06 17:18:00,4517.0,Purchase,Retail,City_8,NY,Online,Debit
T0198,C094,M007,2026-04-01 18:42:00,1346.29,Purchase,Retail,City_1,CA,Online,Credit
T0199,C015,M021,2026-04-07 14:41:00,3412.48,Purchase,Electronics,City_5,TX,POS,Debit
T0200,C003,M001,2026-04-07 14:12:00,353.11,Purchase,Luxury,City_3,TX,POS,Debit
T0201,C017,M004,2026-04-01 11:55:00,3057.72,Purchase,Grocery,City_6,NY,Online,Debit
T0202,C028,M021,2026-04-03 09:56:00,1682.58,Purchase,Electronics,City_9,TX,Online,Credit
T0203,C026,M015,2026-04-01 07:11:00,904.13,Purchase,Electronics,City_17,TX,POS,Debit
T0204,C056,M019,2026-04-02 16:25:00,2143.46,Purchase,Luxury,City_2,NY,POS,Credit
T0205,C002,M021,2026-04-04 22:09:00,799.77,Purchase,Electronics,City_9,FL,POS,Credit
T0206,C006,M014,2026-04-04 03:23:00,4531.08,Purchase,Grocery,City_3,CA,Online,Debit
T0207,C085,M027,2026-04-07 10:19:00,966.18,Purchase,Online,City_17,IL,POS,Debit
T0208,C076,M005,2026-04-07 06:01:00,4296.14,Purchase,Luxury,City_7,IL,Online,Debit
T0209,C013,M024,2026-04-01 06:28:00,2238.12,Purchase,Electronics,City_6,WA,Online,Credit
T0210,C047,M021,2026-04-01 19:29:00,2430.84,Purchase,Electronics,City_19,FL,POS,Credit
T0211,C072,M006,2026-04-05 15:54:00,2920.75,Purchase,Electronics,City_5,IL,Online,Credit
T0212,C011,M027,2026-04-04 14:46:00,4241.05,Purchase,Online,City_18,TX,Online,Credit
T0213,C002,M014,2026-04-04 14:20:00,4210.36,Purchase,Grocery,City_15,CA,POS,Credit
T0214,C016,M017,2026-04-04 00:13:00,2638.34,Purchase,Travel,City_9,WA,POS,Credit
T0215,C016,M024,2026-04-07 07:39:00,1213.2,Purchase,Electronics,City_10,TX,POS,Debit
T0216,C089,M022,2026-04-06 22:15:00,3636.2,Purchase,Online,City_8,TX,POS,Debit
T0217,C014,M025,2026-04-06 15:46:00,4482.18,Purchase,Retail,City_2,TX,Online,Debit
T0218,C057,M012,2026-04-03 10:27:00,3403.57,Purchase,Grocery,City_16,TX,POS,Debit
T0219,C051,M001,2026-04-06 20:11:00,704.2,Purchase,Luxury,City_11,TX,Online,Debit
T0220,C063,M026,2026-04-04 00:48:00,3981.1,Purchase,Retail,City_14,NY,Online,Credit
T0221,C029,M008,2026-04-01 05:58:00,3183.54,Purchase,Travel,City_12,CA,POS,Credit
T0222,C098,M021,2026-04-01 04:53:00,4292.37,Purchase,Electronics,City_10,TX,Online,Credit
T0223,C072,M020,2026-04-01 13:27:00,79.74,Purchase,Travel,City_17,CA,POS,Debit
T0224,C023,M020,2026-04-06 12:38:00,1583.62,Purchase,Travel,City_3,WA,Online,Debit
T0225,C034,M003,2026-04-02 07:12:00,4678.06,Purchase,Online,City_6,FL,Online,Credit
T0226,C098,M026,2026-04-02 14:39:00,2581.05,Purchase,Retail,City_16,TX,POS,Debit
T0227,C020,M023,2026-04-06 03:12:00,1897.83,Purchase,Retail,City_4,CA,POS,Credit
T0228,C047,M017,2026-04-05 03:11:00,4350.78,Purchase,Travel,City_2,WA,POS,Credit
T0229,C012,M008,2026-04-07 02:19:00,4192.81,Purchase,Travel,City_7,CA,Online,Credit
T0230,C044,M022,2026-04-01 22:06:00,1491.82,Purchase,Online,City_11,IL,Online,Credit
T0231,C056,M012,2026-04-07 04:14:00,2495.91,Purchase,Grocery,City_3,WA,POS,Debit
T0232,C077,M016,2026-04-07 05:32:00,696.71,Purchase,Retail,City_18,CA,POS,Debit
T0233,C029,M006,2026-04-03 23:45:00,91.92,Purchase,Electronics,City_5,FL,Online,Credit
T0234,C003,M029,2026-04-06 17:01:00,3818.82,Purchase,Travel,City_10,NY,POS,Debit
T0235,C007,M028,2026-04-01 00:47:00,2889.27,Purchase,Grocery,City_13,WA,POS,Debit
T0236,C074,M002,2026-04-05 22:25:00,2928.86,Purchase,Luxury,City_14,NY,POS,Debit
T0237,C051,M007,2026-04-06 11:24:00,3848.87,Purchase,Retail,City_4,CA,POS,Debit
T0238,C066,M020,2026-04-04 23:31:00,889.36,Purchase,Travel,City_10,IL,Online,Debit
T0239,C015,M003,2026-04-03 10:40:00,2877.14,Purchase,Online,City_6,CA,Online,Debit
T0240,C073,M005,2026-04-06 04:47:00,1951.19,Purchase,Luxury,City_14,CA,POS,Credit
T0241,C068,M011,2026-04-05 09:05:00,3585.43,Purchase,Luxury,City_9,NY,Online,Credit
T0242,C096,M010,2026-04-05 06:26:00,2226.96,Purchase,Grocery,City_10,NY,Online,Debit
T0243,C042,M017,2026-04-05 03:55:00,921.11,Purchase,Travel,City_2,WA,POS,Credit
T0244,C050,M019,2026-04-04 07:00:00,1218.04,Purchase,Luxury,City_12,IL,Online,Debit
T0245,C026,M009,2026-04-02 01:57:00,4297.8,Purchase,Luxury,City_12,CA,Online,Debit
T0246,C026,M011,2026-04-01 05:58:00,3322.28,Purchase,Luxury,City_8,WA,Online,Debit
T0247,C030,M023,2026-04-03 03:25:00,3959.33,Purchase,Retail,City_1,IL,Online,Credit
T0248,C015,M014,2026-04-03 14:03:00,4928.02,Purchase,Grocery,City_10,WA,Online,Debit
T0249,C046,M014,2026-04-07 03:31:00,3697.19,Purchase,Grocery,City_15,WA,POS,Credit
T0250,C020,M027,2026-04-03 17:08:00,1268.14,Purchase,Online,City_9,TX,POS,Debit
T0251,C088,M001,2026-04-07 05:23:00,146.68,Purchase,Luxury,City_17,WA,Online,Debit
T0252,C065,M009,2026-04-06 08:03:00,4246.25,Purchase,Luxury,City_13,IL,Online,Credit
T0253,C014,M015,2026-04-06 02:46:00,4150.36,Purchase,Electronics,City_11,IL,Online,Debit
T0254,C059,M012,2026-04-07 14:51:00,2616.49,Purchase,Grocery,City_14,NY,Online,Credit
T0255,C019,M001,2026-04-05 04:45:00,1809.25,Purchase,Luxury,City_16,CA,POS,Credit
T0256,C048,M028,2026-04-02 10:32:00,526.35,Purchase,Grocery,City_17,WA,Online,Debit
T0257,C056,M008,2026-04-01 01:23:00,1031.28,Purchase,Travel,City_17,WA,POS,Credit
T0258,C075,M026,2026-04-01 07:15:00,4832.67,Purchase,Retail,City_20,CA,Online,Credit
T0259,C017,M030,2026-04-06 08:37:00,3700.29,Purchase,Luxury,City_7,NY,POS,Credit
T0260,C030,M016,2026-04-03 19:44:00,2869.58,Purchase,Retail,City_9,CA,Online,Credit
T0261,C072,M016,2026-04-06 20:48:00,4230.23,Purchase,Retail,City_10,IL,Online,Debit
T0262,C041,M004,2026-04-01 03:49:00,30.43,Purchase,Grocery,City_11,NY,Online,Debit
T0263,C020,M009,2026-04-07 05:03:00,1884.76,Purchase,Luxury,City_2,CA,POS,Credit
T0264,C093,M018,2026-04-06 16:31:00,3593.41,Purchase,Electronics,City_10,CA,POS,Debit
T0265,C087,M002,2026-04-02 07:50:00,1105.63,Purchase,Luxury,City_19,IL,POS,Debit
T0266,C063,M010,2026-04-04 08:08:00,3110.64,Purchase,Grocery,City_3,FL,Online,Credit
T0267,C029,M007,2026-04-05 14:58:00,759.85,Purchase,Retail,City_1,WA,POS,Debit
T0268,C018,M028,2026-04-05 10:56:00,448.99,Purchase,Grocery,City_15,IL,Online,Debit
T0269,C032,M014,2026-04-07 12:21:00,2274.44,Purchase,Grocery,City_2,TX,Online,Debit
T0270,C002,M002,2026-04-06 14:09:00,3045.85,Purchase,Luxury,City_8,CA,Online,Debit
T0271,C003,M007,2026-04-02 05:47:00,2617.0,Purchase,Retail,City_7,TX,POS,Debit
T0272,C070,M024,2026-04-02 02:41:00,1155.37,Purchase,Electronics,City_17,TX,Online,Debit
T0273,C042,M007,2026-04-01 14:33:00,1255.22,Purchase,Retail,City_12,WA,POS,Credit
T0274,C041,M030,2026-04-07 19:34:00,1825.26,Purchase,Luxury,City_18,CA,POS,Debit
T0275,C097,M017,2026-04-04 17:55:00,4752.4,Purchase,Travel,City_3,TX,Online,Debit
T0276,C063,M023,2026-04-06 22:21:00,413.55,Purchase,Retail,City_17,FL,POS,Debit
T0277,C092,M023,2026-04-04 04:50:00,4243.87,Purchase,Retail,City_12,TX,POS,Debit
T0278,C051,M020,2026-04-01 02:44:00,1838.62,Purchase,Travel,City_6,FL,POS,Credit
T0279,C002,M008,2026-04-02 23:03:00,369.94,Purchase,Travel,City_8,IL,Online,Debit
T0280,C083,M021,2026-04-01 20:29:00,3725.1,Purchase,Electronics,City_10,IL,POS,Credit
T0281,C074,M012,2026-04-06 23:33:00,4945.97,Purchase,Grocery,City_11,WA,Online,Credit
T0282,C090,M002,2026-04-06 10:52:00,1203.77,Purchase,Luxury,City_10,CA,POS,Debit
T0283,C094,M019,2026-04-06 03:30:00,4528.29,Purchase,Luxury,City_19,FL,POS,Debit
T0284,C043,M021,2026-04-01 23:52:00,4691.23,Purchase,Electronics,City_6,WA,Online,Debit
T0285,C016,M012,2026-04-01 09:20:00,3598.46,Purchase,Grocery,City_6,TX,POS,Debit
T0286,C059,M011,2026-04-06 14:31:00,4719.62,Purchase,Luxury,City_12,CA,Online,Debit
T0287,C098,M023,2026-04-03 15:50:00,694.61,Purchase,Retail,City_8,FL,Online,Debit
T0288,C065,M018,2026-04-07 19:41:00,923.16,Purchase,Electronics,City_15,IL,Online,Debit
T0289,C096,M013,2026-04-07 21:40:00,3318.25,Purchase,Retail,City_2,NY,Online,Credit
T0290,C016,M019,2026-04-06 10:59:00,676.01,Purchase,Luxury,City_9,WA,POS,Credit
T0291,C010,M018,2026-04-01 03:24:00,1158.09,Purchase,Electronics,City_3,NY,Online,Debit
T0292,C064,M025,2026-04-05 21:30:00,1828.86,Purchase,Retail,City_4,WA,POS,Debit
T0293,C022,M022,2026-04-06 04:31:00,2801.5,Purchase,Online,City_3,TX,Online,Credit
T0294,C043,M002,2026-04-06 23:56:00,4697.32,Purchase,Luxury,City_4,TX,Online,Debit
T0295,C079,M016,2026-04-07 17:11:00,863.06,Purchase,Retail,City_11,CA,POS,Credit
T0296,C084,M008,2026-04-02 04:25:00,3305.5,Purchase,Travel,City_20,CA,Online,Debit
T0297,C060,M027,2026-04-03 07:38:00,4628.59,Purchase,Online,City_7,WA,POS,Debit
T0298,C058,M003,2026-04-02 16:30:00,325.73,Purchase,Online,City_15,CA,Online,Credit
T0299,C079,M017,2026-04-03 21:47:00,1672.78,Purchase,Travel,City_10,IL,Online,Credit
T0300,C042,M024,2026-04-01 02:03:00,3203.2,Purchase,Electronics,City_4,TX,POS,Debit
T0301,C049,M023,2026-04-05 19:34:00,4259.13,Purchase,Retail,City_1,CA,Online,Credit
T0302,C019,M009,2026-04-03 05:07:00,3009.46,Purchase,Luxury,City_9,NY,POS,Debit
T0303,C075,M014,2026-04-03 01:03:00,2163.55,Purchase,Grocery,City_15,NY,POS,Credit
T0304,C011,M030,2026-04-02 16:28:00,3062.21,Purchase,Luxury,City_1,NY,Online,Credit
T0305,C033,M006,2026-04-01 18:09:00,1890.64,Purchase,Electronics,City_13,FL,POS,Debit
T0306,C071,M028,2026-04-06 13:24:00,4057.55,Purchase,Grocery,City_1,CA,Online,Credit
T0307,C036,M008,2026-04-01 09:05:00,1927.51,Purchase,Travel,City_11,FL,POS,Credit
T0308,C055,M027,2026-04-07 04:51:00,1320.74,Purchase,Online,City_18,TX,Online,Debit
T0309,C027,M030,2026-04-01 00:02:00,4525.92,Purchase,Luxury,City_1,FL,POS,Credit
T0310,C087,M002,2026-04-03 17:23:00,3629.57,Purchase,Luxury,City_5,FL,POS,Debit
T0311,C070,M007,2026-04-06 03:01:00,2874.99,Purchase,Retail,City_4,FL,Online,Credit
T0312,C003,M027,2026-04-05 11:09:00,2825.26,Purchase,Online,City_10,WA,Online,Credit
T0313,C084,M004,2026-04-02 01:01:00,3111.21,Purchase,Grocery,City_2,WA,POS,Debit
T0314,C010,M003,2026-04-03 23:47:00,555.27,Purchase,Online,City_7,FL,Online,Debit
T0315,C085,M022,2026-04-04 17:44:00,1971.89,Purchase,Online,City_15,WA,Online,Credit
T0316,C035,M023,2026-04-07 14:25:00,4275.84,Purchase,Retail,City_9,NY,Online,Credit
T0317,C022,M023,2026-04-06 00:24:00,3356.96,Purchase,Retail,City_18,TX,Online,Debit
T0318,C096,M029,2026-04-05 03:19:00,835.68,Purchase,Travel,City_14,CA,POS,Debit
T0319,C043,M015,2026-04-01 04:57:00,2449.08,Purchase,Electronics,City_15,NY,POS,Debit
T0320,C080,M024,2026-04-01 14:13:00,2682.04,Purchase,Electronics,City_7,CA,Online,Debit
T0321,C034,M027,2026-04-06 22:54:00,4272.27,Purchase,Online,City_4,FL,Online,Credit
T0322,C083,M021,2026-04-03 00:30:00,1746.17,Purchase,Electronics,City_10,FL,Online,Credit
T0323,C030,M030,2026-04-07 18:28:00,2385.63,Purchase,Luxury,City_12,CA,Online,Debit
T0324,C073,M024,2026-04-07 01:43:00,590.79,Purchase,Electronics,City_5,IL,Online,Credit
T0325,C045,M023,2026-04-03 10:19:00,188.69,Purchase,Retail,City_2,IL,Online,Debit
T0326,C041,M015,2026-04-06 03:24:00,1063.15,Purchase,Electronics,City_10,CA,Online,Debit
T0327,C043,M015,2026-04-01 19:30:00,4996.76,Purchase,Electronics,City_3,IL,POS,Debit
T0328,C009,M004,2026-04-01 02:33:00,4910.85,Purchase,Grocery,City_15,CA,Online,Credit
T0329,C004,M013,2026-04-04 09:18:00,1459.62,Purchase,Retail,City_18,NY,Online,Debit
T0330,C013,M024,2026-04-02 06:46:00,4937.24,Purchase,Electronics,City_16,WA,POS,Debit
T0331,C030,M024,2026-04-06 12:48:00,2534.62,Purchase,Electronics,City_12,NY,Online,Credit
T0332,C008,M008,2026-04-07 04:05:00,1722.48,Purchase,Travel,City_3,TX,POS,Debit
T0333,C093,M005,2026-04-02 23:25:00,969.25,Purchase,Luxury,City_6,WA,Online,Debit
T0334,C033,M026,2026-04-07 02:45:00,3205.22,Purchase,Retail,City_8,NY,POS,Debit
T0335,C094,M009,2026-04-05 15:24:00,401.23,Purchase,Luxury,City_1,IL,POS,Credit
T0336,C086,M009,2026-04-05 09:20:00,3439.31,Purchase,Luxury,City_8,IL,Online,Credit
T0337,C014,M022,2026-04-04 08:22:00,1798.57,Purchase,Online,City_9,FL,POS,Debit
T0338,C031,M021,2026-04-01 19:34:00,445.46,Purchase,Electronics,City_2,FL,Online,Credit
T0339,C002,M008,2026-04-04 21:32:00,4307.87,Purchase,Travel,City_15,IL,POS,Credit
T0340,C060,M010,2026-04-01 08:54:00,3947.11,Purchase,Grocery,City_1,TX,Online,Debit
T0341,C032,M013,2026-04-02 12:44:00,1517.06,Purchase,Retail,City_9,NY,POS,Debit
T0342,C033,M027,2026-04-04 21:03:00,466.05,Purchase,Online,City_6,FL,Online,Credit
T0343,C021,M030,2026-04-07 16:47:00,2772.34,Purchase,Luxury,City_18,FL,Online,Credit
T0344,C083,M004,2026-04-01 21:01:00,1613.65,Purchase,Grocery,City_13,TX,POS,Credit
T0345,C077,M005,2026-04-06 10:07:00,3726.73,Purchase,Luxury,City_5,FL,POS,Credit
T0346,C098,M024,2026-04-07 06:02:00,3887.97,Purchase,Electronics,City_6,TX,Online,Credit
T0347,C026,M029,2026-04-05 23:30:00,3060.95,Purchase,Travel,City_11,WA,POS,Credit
T0348,C061,M025,2026-04-03 08:12:00,3903.16,Purchase,Retail,City_13,FL,Online,Credit
T0349,C050,M014,2026-04-02 17:46:00,1966.83,Purchase,Grocery,City_11,CA,Online,Credit
T0350,C003,M029,2026-04-03 00:03:00,2502.25,Purchase,Travel,City_10,IL,Online,Debit
T0351,C073,M023,2026-04-04 08:05:00,1447.69,Purchase,Retail,City_6,CA,Online,Debit
T0352,C086,M006,2026-04-06 12:56:00,1078.72,Purchase,Electronics,City_18,TX,POS,Credit
T0353,C037,M013,2026-04-05 00:56:00,1607.71,Purchase,Retail,City_13,NY,Online,Debit
T0354,C069,M016,2026-04-07 11:44:00,2163.14,Purchase,Retail,City_6,CA,POS,Debit
T0355,C047,M010,2026-04-05 03:13:00,2325.06,Purchase,Grocery,City_3,CA,POS,Debit
T0356,C082,M003,2026-04-06 18:51:00,2705.59,Purchase,Online,City_19,TX,POS,Debit
T0357,C005,M019,2026-04-04 23:49:00,4509.11,Purchase,Luxury,City_16,NY,Online,Credit
T0358,C089,M016,2026-04-02 02:15:00,2272.97,Purchase,Retail,City_11,FL,Online,Credit
T0359,C040,M023,2026-04-04 19:48:00,1554.33,Purchase,Retail,City_9,WA,POS,Credit
T0360,C031,M006,2026-04-05 00:32:00,1980.01,Purchase,Electronics,City_17,NY,Online,Credit
T0361,C095,M024,2026-04-07 07:02:00,1645.24,Purchase,Electronics,City_2,CA,POS,Credit
T0362,C013,M010,2026-04-01 04:49:00,583.99,Purchase,Grocery,City_4,NY,Online,Credit
T0363,C088,M004,2026-04-04 12:53:00,1473.82,Purchase,Grocery,City_10,IL,Online,Credit
T0364,C072,M005,2026-04-04 02:48:00,1163.91,Purchase,Luxury,City_9,TX,POS,Credit
T0365,C049,M011,2026-04-07 21:54:00,3716.31,Purchase,Luxury,City_3,WA,Online,Credit
T0366,C016,M010,2026-04-01 20:21:00,2896.04,Purchase,Grocery,City_11,TX,POS,Debit
T0367,C041,M015,2026-04-03 01:02:00,1495.77,Purchase,Electronics,City_10,NY,POS,Credit
T0368,C052,M017,2026-04-04 14:17:00,3317.98,Purchase,Travel,City_5,CA,POS,Credit
T0369,C014,M015,2026-04-03 23:09:00,1977.65,Purchase,Electronics,City_13,CA,Online,Debit
T0370,C034,M022,2026-04-05 05:24:00,383.13,Purchase,Online,City_14,TX,Online,Credit
T0371,C092,M007,2026-04-02 14:06:00,2924.13,Purchase,Retail,City_8,FL,Online,Debit
T0372,C019,M023,2026-04-03 03:43:00,1081.63,Purchase,Retail,City_4,FL,Online,Credit
T0373,C082,M027,2026-04-07 06:58:00,2105.34,Purchase,Online,City_18,IL,POS,Credit
T0374,C016,M003,2026-04-06 23:06:00,2201.99,Purchase,Online,City_2,CA,Online,Credit
T0375,C063,M010,2026-04-05 15:48:00,3579.86,Purchase,Grocery,City_17,TX,POS,Debit
T0376,C040,M024,2026-04-02 02:48:00,448.67,Purchase,Electronics,City_10,WA,POS,Debit
T0377,C092,M030,2026-04-06 07:49:00,2963.87,Purchase,Luxury,City_20,TX,POS,Debit
T0378,C040,M025,2026-04-04 22:26:00,4740.66,Purchase,Retail,City_5,CA,POS,Debit
T0379,C074,M007,2026-04-01 12:35:00,1319.97,Purchase,Retail,City_5,TX,POS,Credit
T0380,C066,M014,2026-04-03 00:29:00,4002.13,Purchase,Grocery,City_13,FL,Online,Credit
T0381,C047,M025,2026-04-06 12:49:00,1614.37,Purchase,Retail,City_7,FL,POS,Credit
T0382,C029,M017,2026-04-01 18:14:00,2046.56,Purchase,Travel,City_13,NY,POS,Debit
T0383,C037,M022,2026-04-04 17:39:00,1592.19,Purchase,Online,City_18,CA,Online,Credit
T0384,C018,M016,2026-04-03 09:27:00,3606.63,Purchase,Retail,City_16,NY,POS,Debit
T0385,C019,M022,2026-04-04 15:48:00,3248.45,Purchase,Online,City_16,FL,POS,Debit
T0386,C040,M017,2026-04-06 17:08:00,3280.28,Purchase,Travel,City_13,IL,Online,Debit
T0387,C094,M006,2026-04-04 11:10:00,147.44,Purchase,Electronics,City_2,FL,POS,Credit
T0388,C005,M002,2026-04-03 00:31:00,634.02,Purchase,Luxury,City_7,IL,POS,Credit
T0389,C054,M010,2026-04-06 09:46:00,53.67,Purchase,Grocery,City_14,WA,POS,Credit
T0390,C064,M004,2026-04-06 23:27:00,446.45,Purchase,Grocery,City_15,CA,POS,Credit
T0391,C062,M019,2026-04-02 10:09:00,2303.8,Purchase,Luxury,City_4,CA,POS,Credit
T0392,C067,M013,2026-04-06 22:53:00,1671.25,Purchase,Retail,City_17,FL,POS,Debit
T0393,C025,M020,2026-04-07 18:21:00,3019.16,Purchase,Travel,City_17,WA,Online,Debit
T0394,C058,M021,2026-04-01 01:11:00,2014.02,Purchase,Electronics,City_13,CA,POS,Credit
T0395,C062,M025,2026-04-07 21:52:00,830.35,Purchase,Retail,City_9,CA,POS,Credit
T0396,C083,M007,2026-04-06 05:01:00,4080.75,Purchase,Retail,City_16,NY,Online,Credit
T0397,C061,M016,2026-04-05 02:46:00,3431.0,Purchase,Retail,City_5,CA,Online,Debit
T0398,C095,M021,2026-04-04 09:02:00,4477.74,Purchase,Electronics,City_12,NY,POS,Credit
T0399,C006,M030,2026-04-05 05:42:00,2103.76,Purchase,Luxury,City_4,CA,POS,Debit
T0400,C052,M010,2026-04-07 02:36:00,2715.67,Purchase,Grocery,City_6,IL,POS,Credit
T0401,C068,M011,2026-04-07 05:23:00,1696.78,Purchase,Luxury,City_12,FL,POS,Debit
T0402,C098,M027,2026-04-07 10:30:00,1522.43,Purchase,Online,City_5,IL,POS,Debit
T0403,C029,M026,2026-04-04 11:09:00,3343.86,Purchase,Retail,City_16,FL,POS,Debit
T0404,C035,M027,2026-04-05 23:11:00,3842.11,Purchase,Online,City_11,NY,POS,Credit
T0405,C071,M023,2026-04-07 13:11:00,44.12,Purchase,Retail,City_13,WA,Online,Credit
T0406,C035,M015,2026-04-05 00:57:00,4072.53,Purchase,Electronics,City_6,CA,POS,Debit
T0407,C016,M004,2026-04-06 08:47:00,2676.3,Purchase,Grocery,City_6,IL,Online,Credit
T0408,C006,M020,2026-04-07 03:39:00,1126.67,Purchase,Travel,City_14,IL,Online,Credit
T0409,C061,M016,2026-04-02 03:04:00,4310.87,Purchase,Retail,City_12,FL,Online,Debit
T0410,C098,M007,2026-04-03 09:28:00,4663.29,Purchase,Retail,City_7,CA,POS,Credit
T0411,C053,M015,2026-04-07 14:31:00,3312.07,Purchase,Electronics,City_2,IL,Online,Credit
T0412,C091,M014,2026-04-03 12:16:00,1788.78,Purchase,Grocery,City_2,FL,POS,Credit
T0413,C080,M017,2026-04-04 10:02:00,2243.87,Purchase,Travel,City_2,TX,Online,Debit
T0414,C073,M004,2026-04-05 12:31:00,4985.29,Purchase,Grocery,City_16,WA,Online,Credit
T0415,C083,M005,2026-04-02 22:05:00,3365.19,Purchase,Luxury,City_15,IL,Online,Credit
T0416,C007,M012,2026-04-07 07:03:00,2135.93,Purchase,Grocery,City_4,NY,Online,Credit
T0417,C002,M018,2026-04-04 11:45:00,2659.49,Purchase,Electronics,City_9,WA,POS,Credit
T0418,C085,M005,2026-04-04 04:46:00,1400.13,Purchase,Luxury,City_2,IL,POS,Credit
T0419,C018,M022,2026-04-04 04:13:00,4988.64,Purchase,Online,City_8,WA,Online,Debit
T0420,C068,M011,2026-04-02 14:33:00,4022.62,Purchase,Luxury,City_9,TX,POS,Debit
T0421,C020,M029,2026-04-04 22:28:00,3741.7,Purchase,Travel,City_14,CA,POS,Credit
T0422,C015,M001,2026-04-06 23:27:00,992.74,Purchase,Luxury,City_3,WA,Online,Debit
T0423,C087,M006,2026-04-02 21:30:00,2258.47,Purchase,Electronics,City_13,CA,Online,Debit
T0424,C019,M030,2026-04-04 21:30:00,1662.78,Purchase,Luxury,City_5,FL,Online,Credit
T0425,C081,M005,2026-04-01 05:02:00,15.78,Purchase,Luxury,City_16,NY,POS,Debit
T0426,C027,M016,2026-04-05 16:34:00,3533.71,Purchase,Retail,City_17,CA,POS,Debit
T0427,C077,M011,2026-04-07 03:27:00,1729.4,Purchase,Luxury,City_10,IL,POS,Debit
T0428,C049,M005,2026-04-07 09:54:00,3022.4,Purchase,Luxury,City_11,CA,Online,Credit
T0429,C086,M003,2026-04-07 03:09:00,1431.97,Purchase,Online,City_3,TX,Online,Debit
T0430,C069,M026,2026-04-02 12:25:00,1861.72,Purchase,Retail,City_4,WA,Online,Debit
T0431,C055,M029,2026-04-05 17:32:00,4696.9,Purchase,Travel,City_1,IL,POS,Credit
T0432,C069,M012,2026-04-01 14:10:00,1728.26,Purchase,Grocery,City_16,CA,Online,Credit
T0433,C076,M002,2026-04-04 14:47:00,601.01,Purchase,Luxury,City_11,WA,Online,Credit
T0434,C032,M013,2026-04-07 22:16:00,3081.9,Purchase,Retail,City_17,FL,POS,Credit
T0435,C090,M026,2026-04-05 08:09:00,4969.72,Purchase,Retail,City_15,FL,Online,Debit
T0436,C066,M027,2026-04-06 01:58:00,1558.96,Purchase,Online,City_7,TX,POS,Debit
T0437,C057,M026,2026-04-04 06:34:00,1372.98,Purchase,Retail,City_1,NY,Online,Credit
T0438,C071,M026,2026-04-07 17:07:00,4617.72,Purchase,Retail,City_11,WA,Online,Debit
T0439,C006,M020,2026-04-02 07:31:00,4893.88,Purchase,Travel,City_16,TX,POS,Credit
T0440,C051,M015,2026-04-06 04:13:00,315.08,Purchase,Electronics,City_2,TX,POS,Debit
T0441,C030,M018,2026-04-04 06:28:00,1015.65,Purchase,Electronics,City_3,FL,Online,Debit
T0442,C074,M014,2026-04-05 03:42:00,1121.66,Purchase,Grocery,City_16,NY,POS,Debit
T0443,C034,M002,2026-04-05 17:16:00,2456.68,Purchase,Luxury,City_2,WA,POS,Debit
T0444,C027,M023,2026-04-06 20:05:00,4973.11,Purchase,Retail,City_9,FL,POS,Debit
T0445,C060,M008,2026-04-01 15:36:00,645.73,Purchase,Travel,City_19,TX,Online,Debit
T0446,C036,M028,2026-04-05 00:29:00,3222.52,Purchase,Grocery,City_12,NY,Online,Debit
T0447,C054,M022,2026-04-03 00:41:00,1394.26,Purchase,Online,City_6,FL,POS,Credit
T0448,C010,M027,2026-04-02 12:39:00,220.99,Purchase,Online,City_9,TX,POS,Debit
T0449,C013,M011,2026-04-03 00:44:00,2349.31,Purchase,Luxury,City_6,NY,POS,Credit
T0450,C055,M026,2026-04-05 06:18:00,963.26,Purchase,Retail,City_20,IL,POS,Credit
T0451,C080,M002,2026-04-04 21:51:00,2667.82,Purchase,Luxury,City_20,NY,Online,Debit
T0452,C060,M028,2026-04-04 14:23:00,2666.7,Purchase,Grocery,City_7,FL,Online,Debit
T0453,C086,M026,2026-04-04 16:19:00,1611.07,Purchase,Retail,City_6,NY,POS,Credit
T0454,C010,M019,2026-04-06 02:42:00,1408.78,Purchase,Luxury,City_4,FL,Online,Credit
T0455,C020,M001,2026-04-03 00:29:00,612.09,Purchase,Luxury,City_5,FL,Online,Debit
T0456,C068,M011,2026-04-04 00:01:00,2427.99,Purchase,Luxury,City_10,IL,Online,Debit
T0457,C052,M023,2026-04-05 02:08:00,3720.55,Purchase,Retail,City_10,WA,POS,Credit
T0458,C021,M022,2026-04-07 03:34:00,4310.28,Purchase,Online,City_17,CA,POS,Debit
T0459,C002,M019,2026-04-02 15:22:00,1961.73,Purchase,Luxury,City_19,FL,Online,Credit
T0460,C005,M022,2026-04-01 20:33:00,997.28,Purchase,Online,City_4,WA,Online,Debit
T0461,C086,M024,2026-04-02 05:01:00,4326.66,Purchase,Electronics,City_9,FL,Online,Credit
T0462,C041,M029,2026-04-04 01:15:00,1239.44,Purchase,Travel,City_1,TX,Online,Credit
T0463,C064,M015,2026-04-07 06:27:00,4483.67,Purchase,Electronics,City_5,WA,Online,Debit
T0464,C015,M014,2026-04-05 07:48:00,2108.62,Purchase,Grocery,City_3,TX,Online,Credit
T0465,C070,M030,2026-04-07 11:58:00,1887.58,Purchase,Luxury,City_9,IL,POS,Debit
T0466,C043,M010,2026-04-06 11:23:00,792.84,Purchase,Grocery,City_8,TX,Online,Debit
T0467,C062,M028,2026-04-07 04:47:00,1125.7,Purchase,Grocery,City_8,WA,Online,Debit
T0468,C081,M026,2026-04-04 15:22:00,1544.43,Purchase,Retail,City_20,WA,Online,Credit
T0469,C013,M010,2026-04-01 15:24:00,366.33,Purchase,Grocery,City_11,WA,Online,Debit
T0470,C049,M025,2026-04-06 06:34:00,1174.52,Purchase,Retail,City_18,WA,POS,Debit
T0471,C068,M011,2026-04-01 13:05:00,3289.85,Purchase,Luxury,City_14,CA,Online,Credit
T0472,C047,M014,2026-04-01 14:58:00,971.03,Purchase,Grocery,City_7,IL,POS,Debit
T0473,C058,M027,2026-04-06 02:27:00,601.64,Purchase,Online,City_13,CA,Online,Credit
T0474,C077,M018,2026-04-02 05:31:00,456.34,Purchase,Electronics,City_6,FL,POS,Credit
T0475,C003,M024,2026-04-02 20:05:00,413.44,Purchase,Electronics,City_20,TX,POS,Credit
T0476,C099,M004,2026-04-01 08:34:00,4563.74,Purchase,Grocery,City_5,IL,POS,Credit
T0477,C050,M009,2026-04-04 11:36:00,3021.26,Purchase,Luxury,City_13,NY,Online,Debit
T0478,C076,M014,2026-04-05 08:15:00,1900.78,Purchase,Grocery,City_19,WA,Online,Credit
T0479,C015,M027,2026-04-01 14:25:00,4209.74,Purchase,Online,City_9,TX,Online,Credit
T0480,C042,M003,2026-04-05 00:06:00,3055.6,Purchase,Online,City_4,IL,POS,Credit
T0481,C074,M013,2026-04-02 11:27:00,2169.24,Purchase,Retail,City_19,FL,Online,Debit
T0482,C027,M004,2026-04-05 05:16:00,4200.9,Purchase,Grocery,City_1,IL,Online,Debit
T0483,C069,M014,2026-04-07 14:13:00,247.04,Purchase,Grocery,City_1,WA,Online,Credit
T0484,C062,M020,2026-04-04 12:45:00,4638.63,Purchase,Travel,City_11,TX,Online,Debit
T0485,C003,M018,2026-04-03 03:26:00,4068.92,Purchase,Electronics,City_13,CA,POS,Credit
T0486,C083,M001,2026-04-07 14:29:00,1775.61,Purchase,Luxury,City_14,TX,POS,Credit
T0487,C009,M013,2026-04-04 10:05:00,1714.19,Purchase,Retail,City_10,WA,Online,Debit
T0488,C057,M005,2026-04-04 13:30:00,2491.1,Purchase,Luxury,City_12,CA,POS,Credit
T0489,C080,M003,2026-04-01 23:22:00,2202.9,Purchase,Online,City_5,CA,POS,Debit
T0490,C034,M023,2026-04-02 11:48:00,2587.66,Purchase,Retail,City_10,NY,Online,Credit
T0491,C010,M017,2026-04-05 03:22:00,1252.16,Purchase,Travel,City_12,IL,Online,Debit
T0492,C006,M012,2026-04-02 11:10:00,2804.95,Purchase,Grocery,City_10,TX,POS,Debit
T0493,C009,M022,2026-04-05 13:47:00,4160.81,Purchase,Online,City_17,CA,Online,Credit
T0494,C092,M023,2026-04-06 09:09:00,247.52,Purchase,Retail,City_20,FL,POS,Debit
T0495,C089,M030,2026-04-03 13:12:00,666.25,Purchase,Luxury,City_2,WA,Online,Credit
T0496,C016,M024,2026-04-03 23:12:00,2754.22,Purchase,Electronics,City_20,NY,POS,Credit
T0497,C001,M012,2026-04-02 05:52:00,612.54,Purchase,Grocery,City_5,IL,POS,Debit
T0498,C050,M024,2026-04-07 10:28:00,615.92,Purchase,Electronics,City_14,NY,POS,Debit
T0499,C097,M013,2026-04-03 17:22:00,179.82,Purchase,Retail,City_15,IL,POS,Debit
T0500,C082,M001,2026-04-04 01:21:00,1365.93,Purchase,Luxury,City_8,IL,Online,Credit
T0501,C048,M013,2026-04-07 18:37:00,4439.57,Purchase,Retail,City_8,WA,Online,Credit
T0502,C016,M018,2026-04-01 07:17:00,734.56,Purchase,Electronics,City_4,WA,POS,Debit
T0503,C079,M003,2026-04-07 08:39:00,1130.09,Purchase,Online,City_16,IL,POS,Debit
T0504,C071,M022,2026-04-01 16:38:00,3942.34,Purchase,Online,City_3,FL,POS,Debit
T0505,C049,M003,2026-04-03 23:42:00,1817.24,Purchase,Online,City_14,TX,Online,Debit
T0506,C051,M019,2026-04-06 12:39:00,1809.58,Purchase,Luxury,City_6,WA,POS,Credit
T0507,C049,M027,2026-04-05 03:49:00,3582.87,Purchase,Online,City_4,CA,POS,Credit
T0508,C065,M029,2026-04-05 06:49:00,3217.61,Purchase,Travel,City_9,WA,POS,Credit
T0509,C005,M005,2026-04-06 12:31:00,1634.18,Purchase,Luxury,City_10,CA,Online,Debit
T0510,C071,M002,2026-04-07 19:45:00,3857.87,Purchase,Luxury,City_2,TX,Online,Debit
T0511,C003,M018,2026-04-04 15:36:00,3537.42,Purchase,Electronics,City_20,IL,Online,Credit
T0512,C084,M023,2026-04-07 15:56:00,3371.86,Purchase,Retail,City_7,IL,Online,Credit
T0513,C028,M004,2026-04-01 11:45:00,3780.6,Purchase,Grocery,City_17,IL,POS,Debit
T0514,C033,M015,2026-04-06 12:08:00,1879.77,Purchase,Electronics,City_7,WA,POS,Credit
T0515,C088,M005,2026-04-01 19:39:00,3231.44,Purchase,Luxury,City_2,IL,Online,Debit
T0516,C023,M014,2026-04-02 14:29:00,2882.57,Purchase,Grocery,City_17,CA,Online,Credit
T0517,C065,M008,2026-04-01 12:19:00,1036.26,Purchase,Travel,City_14,FL,Online,Credit
T0518,C071,M027,2026-04-01 00:12:00,1157.38,Purchase,Online,City_5,NY,Online,Credit
T0519,C035,M028,2026-04-07 11:42:00,890.51,Purchase,Grocery,City_7,WA,Online,Credit
T0520,C048,M020,2026-04-03 06:36:00,3589.47,Purchase,Travel,City_3,FL,Online,Credit
T0521,C026,M002,2026-04-06 09:38:00,3413.26,Purchase,Luxury,City_14,NY,POS,Credit
T0522,C032,M009,2026-04-04 08:43:00,726.95,Purchase,Luxury,City_16,FL,Online,Credit
T0523,C045,M027,2026-04-01 23:40:00,911.44,Purchase,Online,City_12,FL,POS,Credit
T0524,C001,M009,2026-04-03 15:13:00,291.81,Purchase,Luxury,City_1,CA,POS,Debit
T0525,C033,M001,2026-04-01 13:39:00,2276.94,Purchase,Luxury,City_1,FL,Online,Debit
T0526,C011,M016,2026-04-07 19:02:00,3715.52,Purchase,Retail,City_16,IL,POS,Credit
T0527,C023,M025,2026-04-06 02:58:00,3319.66,Purchase,Retail,City_1,NY,Online,Credit
T0528,C020,M007,2026-04-05 06:36:00,1644.49,Purchase,Retail,City_6,TX,POS,Credit
T0529,C064,M023,2026-04-01 20:11:00,2327.73,Purchase,Retail,City_15,NY,POS,Debit
T0530,C036,M027,2026-04-06 11:08:00,2563.28,Purchase,Online,City_19,CA,POS,Debit
T0531,C026,M004,2026-04-04 07:49:00,2797.08,Purchase,Grocery,City_5,CA,POS,Credit
T0532,C031,M006,2026-04-06 06:28:00,4305.23,Purchase,Electronics,City_1,TX,POS,Debit
T0533,C034,M008,2026-04-05 05:14:00,3488.06,Purchase,Travel,City_8,NY,Online,Debit
T0534,C004,M030,2026-04-04 06:25:00,3994.87,Purchase,Luxury,City_11,FL,Online,Credit
T0535,C024,M030,2026-04-01 21:25:00,564.12,Purchase,Luxury,City_16,TX,Online,Credit
T0536,C002,M021,2026-04-04 10:46:00,3726.4,Purchase,Electronics,City_15,CA,Online,Debit
T0537,C050,M007,2026-04-04 02:21:00,3982.62,Purchase,Retail,City_4,FL,POS,Debit
T0538,C024,M026,2026-04-04 09:18:00,1059.68,Purchase,Retail,City_1,TX,POS,Debit
T0539,C054,M001,2026-04-06 16:36:00,3511.36,Purchase,Luxury,City_3,CA,Online,Credit
T0540,C071,M020,2026-04-05 17:29:00,3082.95,Purchase,Travel,City_18,IL,POS,Debit
T0541,C054,M019,2026-04-06 20:26:00,2207.62,Purchase,Luxury,City_18,NY,Online,Debit
T0542,C032,M022,2026-04-06 08:13:00,2102.59,Purchase,Online,City_16,CA,Online,Credit
T0543,C067,M005,2026-04-02 09:24:00,536.19,Purchase,Luxury,City_4,IL,POS,Debit
T0544,C046,M030,2026-04-05 23:47:00,2751.68,Purchase,Luxury,City_1,IL,Online,Credit
T0545,C075,M019,2026-04-06 01:46:00,470.08,Purchase,Luxury,City_7,NY,POS,Debit
T0546,C098,M004,2026-04-07 15:46:00,372.56,Purchase,Grocery,City_16,CA,Online,Debit
T0547,C087,M012,2026-04-02 13:42:00,3509.46,Purchase,Grocery,City_17,TX,Online,Debit
T0548,C078,M001,2026-04-02 15:01:00,495.98,Purchase,Luxury,City_7,TX,POS,Credit
T0549,C070,M030,2026-04-02 10:26:00,3243.66,Purchase,Luxury,City_13,IL,Online,Credit
T0550,C085,M018,2026-04-05 17:52:00,3531.91,Purchase,Electronics,City_8,CA,POS,Credit
T0551,C016,M015,2026-04-02 06:46:00,4015.76,Purchase,Electronics,City_16,FL,POS,Debit
T0552,C059,M025,2026-04-06 16:01:00,4098.1,Purchase,Retail,City_13,IL,Online,Debit
T0553,C060,M013,2026-04-04 18:13:00,2326.67,Purchase,Retail,City_16,FL,Online,Debit
T0554,C006,M010,2026-04-07 16:49:00,442.62,Purchase,Grocery,City_19,TX,Online,Credit
T0555,C048,M013,2026-04-07 22:22:00,4181.74,Purchase,Retail,City_7,FL,POS,Debit
T0556,C003,M007,2026-04-06 17:51:00,2617.89,Purchase,Retail,City_13,WA,Online,Debit
T0557,C028,M002,2026-04-01 00:29:00,4760.66,Purchase,Luxury,City_4,NY,Online,Credit
T0558,C015,M003,2026-04-03 08:21:00,3186.25,Purchase,Online,City_14,FL,POS,Debit
T0559,C087,M005,2026-04-03 11:08:00,3464.45,Purchase,Luxury,City_6,NY,Online,Debit
T0560,C055,M028,2026-04-03 19:35:00,4411.22,Purchase,Grocery,City_3,WA,Online,Credit
T0561,C048,M012,2026-04-01 17:16:00,1453.51,Purchase,Grocery,City_3,CA,Online,Credit
T0562,C026,M001,2026-04-07 11:40:00,2912.71,Purchase,Luxury,City_11,TX,POS,Debit
T0563,C051,M008,2026-04-06 12:43:00,1649.13,Purchase,Travel,City_5,FL,Online,Debit
T0564,C052,M026,2026-04-06 09:22:00,4176.57,Purchase,Retail,City_8,NY,Online,Credit
T0565,C042,M001,2026-04-01 10:49:00,2006.63,Purchase,Luxury,City_20,CA,POS,Credit
T0566,C035,M003,2026-04-02 12:23:00,593.35,Purchase,Online,City_14,IL,POS,Credit
T0567,C002,M027,2026-04-02 10:20:00,1042.48,Purchase,Online,City_4,CA,Online,Debit
T0568,C015,M024,2026-04-06 19:45:00,4021.25,Purchase,Electronics,City_12,CA,Online,Debit
T0569,C061,M011,2026-04-05 11:57:00,3132.36,Purchase,Luxury,City_3,NY,Online,Debit
T0570,C029,M013,2026-04-06 02:50:00,757.28,Purchase,Retail,City_20,NY,Online,Credit
T0571,C017,M002,2026-04-07 10:21:00,1245.56,Purchase,Luxury,City_18,WA,Online,Credit
T0572,C081,M002,2026-04-06 06:13:00,3626.89,Purchase,Luxury,City_11,WA,Online,Debit
T0573,C050,M025,2026-04-01 01:46:00,1005.69,Purchase,Retail,City_7,CA,Online,Credit
T0574,C100,M005,2026-04-06 21:34:00,2642.62,Purchase,Luxury,City_1,CA,Online,Debit
T0575,C004,M023,2026-04-02 17:27:00,1330.88,Purchase,Retail,City_8,CA,POS,Debit
T0576,C016,M025,2026-04-07 06:17:00,4875.94,Purchase,Retail,City_17,IL,Online,Credit
T0577,C047,M019,2026-04-02 11:47:00,473.89,Purchase,Luxury,City_14,FL,POS,Debit
T0578,C084,M026,2026-04-03 02:17:00,2044.88,Purchase,Retail,City_6,IL,Online,Debit
T0579,C012,M013,2026-04-07 19:58:00,4114.92,Purchase,Retail,City_1,CA,POS,Credit
T0580,C055,M011,2026-04-01 03:38:00,2617.46,Purchase,Luxury,City_7,IL,POS,Credit
T0581,C003,M001,2026-04-07 02:27:00,4940.84,Purchase,Luxury,City_16,CA,Online,Debit
T0582,C094,M017,2026-04-04 09:13:00,4789.74,Purchase,Travel,City_15,IL,POS,Debit
T0583,C012,M024,2026-04-06 09:17:00,819.55,Purchase,Electronics,City_2,FL,Online,Debit
T0584,C033,M001,2026-04-06 04:02:00,1780.62,Purchase,Luxury,City_8,WA,Online,Credit
T0585,C069,M014,2026-04-03 03:23:00,4958.32,Purchase,Grocery,City_11,FL,POS,Debit
T0586,C094,M002,2026-04-02 15:04:00,3090.54,Purchase,Luxury,City_6,NY,Online,Debit
T0587,C087,M027,2026-04-03 08:45:00,963.96,Purchase,Online,City_2,CA,Online,Credit
T0588,C019,M011,2026-04-03 01:12:00,2092.16,Purchase,Luxury,City_15,TX,Online,Debit
T0589,C040,M020,2026-04-03 18:30:00,4410.39,Purchase,Travel,City_7,TX,Online,Credit
T0590,C037,M003,2026-04-04 09:54:00,4414.16,Purchase,Online,City_20,FL,POS,Debit
T0591,C050,M006,2026-04-01 16:48:00,3197.76,Purchase,Electronics,City_7,NY,Online,Debit
T0592,C002,M007,2026-04-01 23:29:00,3677.24,Purchase,Retail,City_2,NY,Online,Credit
T0593,C060,M027,2026-04-06 20:58:00,2522.92,Purchase,Online,City_9,FL,Online,Debit
T0594,C044,M023,2026-04-03 20:02:00,1012.02,Purchase,Retail,City_18,IL,POS,Debit
T0595,C011,M020,2026-04-04 02:58:00,592.55,Purchase,Travel,City_10,CA,Online,Credit
T0596,C100,M021,2026-04-05 10:30:00,3870.3,Purchase,Electronics,City_13,WA,Online,Credit
T0597,C062,M008,2026-04-04 14:26:00,1194.27,Purchase,Travel,City_2,TX,Online,Debit
T0598,C048,M014,2026-04-06 15:03:00,3523.28,Purchase,Grocery,City_6,WA,Online,Debit
T0599,C080,M017,2026-04-07 02:12:00,3395.1,Purchase,Travel,City_2,CA,POS,Credit
T0600,C044,M018,2026-04-03 08:13:00,3790.73,Purchase,Electronics,City_12,NY,Online,Credit
T0601,C066,M012,2026-04-06 10:13:00,4789.37,Purchase,Grocery,City_6,IL,Online,Debit
T0602,C092,M007,2026-04-01 10:38:00,1236.3,Purchase,Retail,City_14,IL,Online,Debit
T0603,C051,M004,2026-04-05 20:20:00,4563.8,Purchase,Grocery,City_2,FL,POS,Credit
T0604,C011,M022,2026-04-05 01:28:00,1433.95,Purchase,Online,City_7,TX,POS,Debit
T0605,C042,M003,2026-04-06 12:08:00,1226.64,Purchase,Online,City_5,NY,POS,Debit
T0606,C082,M018,2026-04-04 13:38:00,2602.09,Purchase,Electronics,City_12,FL,Online,Debit
T0607,C058,M013,2026-04-07 03:28:00,3043.73,Purchase,Retail,City_3,FL,POS,Debit
T0608,C039,M017,2026-04-02 21:55:00,3972.44,Purchase,Travel,City_7,TX,Online,Debit
T0609,C040,M030,2026-04-07 13:35:00,2628.27,Purchase,Luxury,City_3,WA,Online,Credit
T0610,C003,M012,2026-04-04 10:21:00,3568.5,Purchase,Grocery,City_2,TX,Online,Credit
T0611,C083,M028,2026-04-07 10:20:00,1599.06,Purchase,Grocery,City_18,TX,Online,Credit
T0612,C080,M010,2026-04-06 06:38:00,4589.76,Purchase,Grocery,City_5,WA,Online,Credit
T0613,C039,M011,2026-04-05 09:13:00,692.41,Purchase,Luxury,City_15,TX,POS,Credit
T0614,C006,M002,2026-04-02 22:57:00,2062.98,Purchase,Luxury,City_4,CA,POS,Debit
T0615,C043,M009,2026-04-01 15:23:00,3984.12,Purchase,Luxury,City_5,NY,POS,Debit
T0616,C036,M013,2026-04-04 20:49:00,978.24,Purchase,Retail,City_16,NY,POS,Debit
T0617,C019,M004,2026-04-02 22:57:00,59.88,Purchase,Grocery,City_17,WA,Online,Debit
T0618,C054,M024,2026-04-05 04:23:00,2282.67,Purchase,Electronics,City_19,IL,Online,Credit
T0619,C034,M028,2026-04-03 18:59:00,756.86,Purchase,Grocery,City_19,NY,POS,Credit
T0620,C047,M025,2026-04-01 05:32:00,3747.66,Purchase,Retail,City_19,IL,Online,Debit
T0621,C037,M017,2026-04-01 22:39:00,1984.98,Purchase,Travel,City_16,CA,POS,Debit
T0622,C017,M010,2026-04-01 06:42:00,1898.81,Purchase,Grocery,City_4,FL,Online,Debit
T0623,C027,M007,2026-04-01 06:18:00,392.24,Purchase,Retail,City_12,WA,POS,Debit
T0624,C005,M009,2026-04-03 06:35:00,4083.63,Purchase,Luxury,City_15,NY,POS,Credit
T0625,C098,M002,2026-04-03 22:20:00,198.02,Purchase,Luxury,City_16,NY,Online,Debit
T0626,C049,M010,2026-04-07 13:08:00,3844.81,Purchase,Grocery,City_3,IL,POS,Credit
T0627,C068,M007,2026-04-04 11:45:00,2357.5,Purchase,Retail,City_14,NY,POS,Credit
T0628,C090,M022,2026-04-07 15:36:00,248.91,Purchase,Online,City_9,FL,Online,Debit
T0629,C036,M001,2026-04-07 08:39:00,617.92,Purchase,Luxury,City_10,NY,POS,Credit
T0630,C072,M017,2026-04-04 18:53:00,982.37,Purchase,Travel,City_3,NY,POS,Credit
T0631,C044,M010,2026-04-04 05:15:00,3395.38,Purchase,Grocery,City_7,TX,POS,Debit
T0632,C088,M009,2026-04-01 17:39:00,4468.17,Purchase,Luxury,City_8,TX,POS,Debit
T0633,C097,M030,2026-04-06 14:37:00,2909.92,Purchase,Luxury,City_3,IL,Online,Credit
T0634,C003,M021,2026-04-03 08:41:00,3155.78,Purchase,Electronics,City_14,IL,POS,Credit
T0635,C027,M005,2026-04-06 21:52:00,3206.38,Purchase,Luxury,City_6,NY,Online,Credit
T0636,C034,M017,2026-04-07 16:56:00,3224.01,Purchase,Travel,City_5,WA,POS,Debit
T0637,C072,M025,2026-04-05 05:07:00,1297.47,Purchase,Retail,City_14,NY,POS,Credit
T0638,C044,M014,2026-04-02 01:05:00,2368.31,Purchase,Grocery,City_8,IL,Online,Credit
T0639,C091,M027,2026-04-03 19:23:00,4991.09,Purchase,Online,City_17,TX,POS,Credit
T0640,C022,M014,2026-04-01 14:38:00,4616.56,Purchase,Grocery,City_11,FL,Online,Debit
T0641,C075,M020,2026-04-03 05:18:00,4438.65,Purchase,Travel,City_10,IL,Online,Debit
T0642,C057,M015,2026-04-05 23:29:00,3518.24,Purchase,Electronics,City_1,CA,Online,Debit
T0643,C089,M018,2026-04-02 17:04:00,3887.73,Purchase,Electronics,City_18,FL,POS,Debit
T0644,C029,M015,2026-04-04 19:45:00,1786.8,Purchase,Electronics,City_1,TX,Online,Credit
T0645,C053,M011,2026-04-04 22:03:00,2226.47,Purchase,Luxury,City_13,CA,POS,Credit
T0646,C031,M008,2026-04-06 15:26:00,201.99,Purchase,Travel,City_5,FL,POS,Credit
T0647,C053,M014,2026-04-07 14:02:00,3712.38,Purchase,Grocery,City_6,TX,POS,Debit
T0648,C005,M007,2026-04-02 00:55:00,1400.42,Purchase,Retail,City_18,TX,POS,Debit
T0649,C084,M029,2026-04-02 14:29:00,3907.94,Purchase,Travel,City_3,CA,Online,Debit
T0650,C046,M024,2026-04-05 13:14:00,323.13,Purchase,Electronics,City_20,WA,Online,Debit
T0651,C046,M010,2026-04-06 12:41:00,2726.94,Purchase,Grocery,City_18,NY,POS,Credit
T0652,C099,M027,2026-04-01 13:13:00,4364.11,Purchase,Online,City_10,IL,Online,Debit
T0653,C023,M029,2026-04-07 22:36:00,2378.59,Purchase,Travel,City_8,FL,Online,Debit
T0654,C049,M023,2026-04-01 03:31:00,1550.24,Purchase,Retail,City_7,TX,Online,Credit
T0655,C070,M011,2026-04-04 03:39:00,3776.11,Purchase,Luxury,City_1,IL,Online,Credit
T0656,C075,M022,2026-04-05 22:48:00,403.37,Purchase,Online,City_15,TX,Online,Debit
T0657,C043,M020,2026-04-05 02:00:00,2551.67,Purchase,Travel,City_3,TX,Online,Credit
T0658,C045,M020,2026-04-02 14:54:00,1803.98,Purchase,Travel,City_11,TX,Online,Debit
T0659,C081,M004,2026-04-02 00:13:00,2182.27,Purchase,Grocery,City_1,FL,Online,Debit
T0660,C005,M002,2026-04-01 10:10:00,4748.66,Purchase,Luxury,City_16,NY,Online,Debit
T0661,C041,M017,2026-04-06 15:00:00,1980.58,Purchase,Travel,City_16,TX,Online,Credit
T0662,C096,M001,2026-04-01 08:23:00,4632.88,Purchase,Luxury,City_13,NY,Online,Debit
T0663,C041,M029,2026-04-01 01:25:00,1004.82,Purchase,Travel,City_16,IL,POS,Debit
T0664,C081,M021,2026-04-03 16:32:00,2208.43,Purchase,Electronics,City_16,WA,POS,Debit
T0665,C087,M014,2026-04-01 17:15:00,430.35,Purchase,Grocery,City_8,TX,POS,Debit
T0666,C081,M002,2026-04-06 11:24:00,3217.82,Purchase,Luxury,City_4,IL,Online,Credit
T0667,C010,M009,2026-04-06 14:55:00,352.67,Purchase,Luxury,City_14,WA,POS,Debit
T0668,C084,M016,2026-04-04 11:11:00,1235.37,Purchase,Retail,City_17,NY,Online,Debit
T0669,C085,M029,2026-04-06 10:54:00,178.09,Purchase,Travel,City_1,NY,POS,Credit
T0670,C028,M002,2026-04-05 13:08:00,2595.74,Purchase,Luxury,City_8,TX,POS,Credit
T0671,C015,M003,2026-04-06 23:06:00,64.1,Purchase,Online,City_10,FL,POS,Debit
T0672,C048,M022,2026-04-01 21:14:00,1472.91,Purchase,Online,City_14,WA,Online,Debit
T0673,C043,M022,2026-04-03 11:46:00,3980.5,Purchase,Online,City_15,NY,POS,Debit
T0674,C030,M016,2026-04-05 08:05:00,4670.32,Purchase,Retail,City_3,FL,POS,Credit
T0675,C091,M027,2026-04-05 09:33:00,1020.05,Purchase,Online,City_10,NY,POS,Debit
T0676,C025,M024,2026-04-04 16:45:00,2543.07,Purchase,Electronics,City_19,CA,POS,Credit
T0677,C024,M017,2026-04-02 15:22:00,4169.38,Purchase,Travel,City_11,NY,Online,Credit
T0678,C037,M026,2026-04-03 04:19:00,2497.02,Purchase,Retail,City_1,IL,POS,Credit
T0679,C073,M002,2026-04-05 19:22:00,3102.49,Purchase,Luxury,City_9,WA,POS,Credit
T0680,C079,M013,2026-04-06 04:10:00,942.26,Purchase,Retail,City_17,CA,POS,Credit
T0681,C064,M013,2026-04-01 21:35:00,2245.62,Purchase,Retail,City_2,IL,Online,Debit
T0682,C012,M008,2026-04-02 15:37:00,2913.47,Purchase,Travel,City_1,TX,Online,Debit
T0683,C060,M003,2026-04-02 12:17:00,4595.62,Purchase,Online,City_3,IL,POS,Debit
T0684,C082,M025,2026-04-05 14:59:00,1458.66,Purchase,Retail,City_9,WA,Online,Debit
T0685,C005,M023,2026-04-07 05:14:00,3647.96,Purchase,Retail,City_4,IL,Online,Credit
T0686,C095,M004,2026-04-07 15:10:00,1384.85,Purchase,Grocery,City_19,IL,Online,Debit
T0687,C022,M008,2026-04-04 03:46:00,4138.53,Purchase,Travel,City_1,FL,POS,Credit
T0688,C052,M028,2026-04-05 07:18:00,4137.11,Purchase,Grocery,City_14,IL,POS,Credit
T0689,C081,M023,2026-04-04 11:53:00,2423.32,Purchase,Retail,City_15,TX,Online,Debit
T0690,C004,M016,2026-04-03 18:46:00,1174.52,Purchase,Retail,City_12,TX,POS,Credit
T0691,C079,M001,2026-04-01 19:58:00,1700.9,Purchase,Luxury,City_7,CA,Online,Credit
T0692,C100,M020,2026-04-05 13:52:00,2608.96,Purchase,Travel,City_14,WA,Online,Credit
T0693,C062,M012,2026-04-04 02:13:00,1871.89,Purchase,Grocery,City_12,FL,POS,Debit
T0694,C067,M027,2026-04-07 11:25:00,3071.4,Purchase,Online,City_16,FL,POS,Credit
T0695,C058,M016,2026-04-04 15:19:00,4046.48,Purchase,Retail,City_4,FL,POS,Debit
T0696,C093,M018,2026-04-06 06:07:00,2750.98,Purchase,Electronics,City_19,FL,POS,Debit
T0697,C010,M024,2026-04-05 03:02:00,3511.52,Purchase,Electronics,City_13,WA,POS,Debit
T0698,C023,M016,2026-04-01 13:14:00,3696.89,Purchase,Retail,City_14,NY,POS,Credit
T0699,C053,M019,2026-04-01 01:49:00,4580.41,Purchase,Luxury,City_4,FL,Online,Debit
T0700,C039,M018,2026-04-05 14:15:00,3283.71,Purchase,Electronics,City_7,CA,Online,Debit
T0701,C094,M003,2026-04-04 10:01:00,1691.44,Purchase,Online,City_13,FL,POS,Debit
T0702,C016,M015,2026-04-05 16:27:00,1323.77,Purchase,Electronics,City_12,NY,Online,Debit
T0703,C026,M004,2026-04-03 08:00:00,4404.05,Purchase,Grocery,City_17,TX,POS,Debit
T0704,C031,M005,2026-04-04 04:31:00,1757.28,Purchase,Luxury,City_10,WA,POS,Credit
T0705,C016,M027,2026-04-06 04:34:00,3637.14,Purchase,Online,City_8,CA,POS,Debit
T0706,C032,M019,2026-04-03 13:17:00,4751.14,Purchase,Luxury,City_13,FL,POS,Credit
T0707,C073,M026,2026-04-06 12:17:00,2599.34,Purchase,Retail,City_4,IL,Online,Credit
T0708,C084,M023,2026-04-04 06:56:00,1265.18,Purchase,Retail,City_12,FL,Online,Debit
T0709,C091,M020,2026-04-06 12:09:00,1182.81,Purchase,Travel,City_15,TX,POS,Credit
T0710,C067,M004,2026-04-07 11:40:00,648.23,Purchase,Grocery,City_17,WA,POS,Debit
T0711,C052,M027,2026-04-03 21:22:00,2875.73,Purchase,Online,City_15,NY,Online,Credit
T0712,C060,M008,2026-04-01 23:11:00,4623.75,Purchase,Travel,City_11,TX,POS,Credit
T0713,C069,M006,2026-04-06 19:27:00,171.83,Purchase,Electronics,City_4,WA,POS,Debit
T0714,C029,M015,2026-04-01 15:00:00,4519.28,Purchase,Electronics,City_19,WA,Online,Debit
T0715,C058,M024,2026-04-01 13:02:00,2862.18,Purchase,Electronics,City_7,CA,POS,Debit
T0716,C067,M013,2026-04-05 02:50:00,1244.34,Purchase,Retail,City_13,TX,Online,Debit
T0717,C042,M004,2026-04-06 07:32:00,1263.23,Purchase,Grocery,City_14,NY,Online,Debit
T0718,C005,M014,2026-04-01 23:24:00,4109.59,Purchase,Grocery,City_18,TX,Online,Credit
T0719,C016,M017,2026-04-07 05:47:00,2257.86,Purchase,Travel,City_7,TX,Online,Debit
T0720,C006,M020,2026-04-06 13:49:00,2254.95,Purchase,Travel,City_13,WA,POS,Credit
T0721,C009,M013,2026-04-05 22:35:00,4957.87,Purchase,Retail,City_20,IL,Online,Debit
T0722,C096,M006,2026-04-05 04:40:00,1937.12,Purchase,Electronics,City_8,FL,POS,Credit
T0723,C043,M012,2026-04-04 16:37:00,1967.32,Purchase,Grocery,City_10,CA,Online,Credit
T0724,C080,M022,2026-04-05 20:52:00,3278.91,Purchase,Online,City_17,IL,Online,Credit
T0725,C060,M024,2026-04-03 21:20:00,1862.18,Purchase,Electronics,City_20,WA,Online,Credit
T0726,C007,M020,2026-04-06 17:31:00,46.97,Purchase,Travel,City_14,NY,Online,Credit
T0727,C039,M012,2026-04-04 05:45:00,3390.64,Purchase,Grocery,City_18,TX,POS,Credit
T0728,C030,M030,2026-04-02 00:20:00,2807.96,Purchase,Luxury,City_6,CA,POS,Credit
T0729,C033,M007,2026-04-05 16:05:00,1573.41,Purchase,Retail,City_4,IL,POS,Credit
T0730,C004,M010,2026-04-02 19:23:00,2371.17,Purchase,Grocery,City_13,FL,POS,Credit
T0731,C091,M009,2026-04-04 05:24:00,2576.55,Purchase,Luxury,City_15,NY,POS,Credit
T0732,C051,M001,2026-04-03 20:57:00,3143.24,Purchase,Luxury,City_9,CA,Online,Credit
T0733,C033,M017,2026-04-01 01:44:00,3160.91,Purchase,Travel,City_10,FL,Online,Credit
T0734,C037,M009,2026-04-07 01:37:00,3604.88,Purchase,Luxury,City_9,TX,Online,Credit
T0735,C096,M011,2026-04-01 19:21:00,762.38,Purchase,Luxury,City_4,TX,POS,Credit
T0736,C041,M028,2026-04-02 03:46:00,3386.66,Purchase,Grocery,City_16,WA,POS,Credit
T0737,C035,M005,2026-04-03 23:05:00,3779.95,Purchase,Luxury,City_2,IL,Online,Debit
T0738,C074,M022,2026-04-06 18:04:00,4664.94,Purchase,Online,City_4,CA,Online,Credit
T0739,C004,M027,2026-04-03 01:01:00,4390.0,Purchase,Online,City_3,NY,POS,Debit
T0740,C079,M015,2026-04-03 03:58:00,4224.69,Purchase,Electronics,City_2,FL,POS,Credit
T0741,C060,M023,2026-04-02 01:14:00,1906.29,Purchase,Retail,City_13,FL,Online,Debit
T0742,C090,M030,2026-04-03 21:36:00,709.56,Purchase,Luxury,City_12,FL,Online,Debit
T0743,C032,M008,2026-04-01 07:30:00,1859.2,Purchase,Travel,City_10,NY,Online,Credit
T0744,C030,M010,2026-04-03 20:36:00,1051.94,Purchase,Grocery,City_5,WA,Online,Credit
T0745,C033,M013,2026-04-02 12:21:00,4159.89,Purchase,Retail,City_16,NY,POS,Debit
T0746,C002,M020,2026-04-06 00:22:00,3079.48,Purchase,Travel,City_12,NY,POS,Credit
T0747,C027,M014,2026-04-03 07:40:00,4727.85,Purchase,Grocery,City_12,IL,POS,Debit
T0748,C077,M028,2026-04-02 23:43:00,4890.77,Purchase,Grocery,City_10,WA,Online,Credit
T0749,C027,M022,2026-04-01 14:37:00,2300.17,Purchase,Online,City_12,NY,Online,Debit
T0750,C095,M029,2026-04-07 18:20:00,1221.27,Purchase,Travel,City_2,IL,Online,Credit
T0751,C011,M004,2026-04-07 15:19:00,1737.16,Purchase,Grocery,City_6,CA,POS,Credit
T0752,C097,M026,2026-04-04 23:58:00,3765.93,Purchase,Retail,City_10,CA,Online,Credit
T0753,C059,M025,2026-04-03 01:23:00,3903.69,Purchase,Retail,City_15,FL,Online,Credit
T0754,C095,M025,2026-04-07 17:22:00,4179.59,Purchase,Retail,City_16,IL,POS,Credit
T0755,C061,M019,2026-04-03 08:10:00,1235.44,Purchase,Luxury,City_9,WA,Online,Debit
T0756,C020,M011,2026-04-01 16:26:00,243.92,Purchase,Luxury,City_1,IL,POS,Credit
T0757,C001,M030,2026-04-07 05:23:00,3551.19,Purchase,Luxury,City_11,FL,POS,Credit
T0758,C068,M001,2026-04-02 22:33:00,1829.93,Purchase,Luxury,City_5,NY,Online,Credit
T0759,C057,M006,2026-04-03 18:27:00,1496.96,Purchase,Electronics,City_5,NY,Online,Credit
T0760,C100,M020,2026-04-01 12:01:00,4854.3,Purchase,Travel,City_2,CA,Online,Debit
T0761,C066,M028,2026-04-03 13:06:00,3115.82,Purchase,Grocery,City_19,TX,Online,Debit
T0762,C077,M024,2026-04-02 02:56:00,977.03,Purchase,Electronics,City_12,WA,POS,Credit
T0763,C054,M013,2026-04-01 07:06:00,3028.49,Purchase,Retail,City_3,IL,POS,Credit
T0764,C005,M027,2026-04-01 13:52:00,2765.71,Purchase,Online,City_4,IL,Online,Credit
T0765,C075,M028,2026-04-04 11:13:00,1666.6,Purchase,Grocery,City_6,CA,Online,Debit
T0766,C062,M011,2026-04-06 23:43:00,1145.88,Purchase,Luxury,City_20,TX,Online,Debit
T0767,C092,M022,2026-04-01 22:40:00,605.84,Purchase,Online,City_6,WA,Online,Credit
T0768,C032,M028,2026-04-06 04:43:00,2762.95,Purchase,Grocery,City_2,IL,Online,Credit
T0769,C081,M013,2026-04-05 22:14:00,4867.84,Purchase,Retail,City_3,FL,POS,Credit
T0770,C089,M030,2026-04-03 00:54:00,4520.62,Purchase,Luxury,City_17,WA,POS,Debit
T0771,C014,M027,2026-04-04 21:08:00,2146.43,Purchase,Online,City_6,CA,POS,Credit
T0772,C086,M017,2026-04-05 10:04:00,4349.2,Purchase,Travel,City_12,CA,Online,Debit
T0773,C059,M020,2026-04-07 08:54:00,3050.56,Purchase,Travel,City_3,CA,POS,Debit
T0774,C038,M029,2026-04-05 10:24:00,3692.94,Purchase,Travel,City_13,FL,POS,Debit
T0775,C087,M018,2026-04-04 13:21:00,158.55,Purchase,Electronics,City_7,CA,POS,Debit
T0776,C100,M004,2026-04-02 11:48:00,3679.96,Purchase,Grocery,City_3,TX,POS,Credit
T0777,C004,M026,2026-04-02 03:09:00,4747.65,Purchase,Retail,City_3,TX,POS,Debit
T0778,C028,M027,2026-04-07 05:11:00,2423.52,Purchase,Online,City_4,NY,Online,Debit
T0779,C082,M021,2026-04-03 23:14:00,4513.65,Purchase,Electronics,City_20,IL,POS,Credit
T0780,C090,M025,2026-04-06 16:23:00,1694.11,Purchase,Retail,City_10,IL,POS,Debit
T0781,C061,M004,2026-04-06 06:06:00,4453.12,Purchase,Grocery,City_1,IL,Online,Credit
T0782,C069,M012,2026-04-05 11:44:00,601.51,Purchase,Grocery,City_8,IL,POS,Credit
T0783,C028,M011,2026-04-04 05:57:00,1587.95,Purchase,Luxury,City_10,IL,POS,Debit
T0784,C057,M023,2026-04-06 00:16:00,433.66,Purchase,Retail,City_14,CA,Online,Debit
T0785,C059,M009,2026-04-07 22:12:00,4398.82,Purchase,Luxury,City_19,TX,POS,Credit
T0786,C058,M027,2026-04-05 01:34:00,3363.22,Purchase,Online,City_18,WA,Online,Credit
T0787,C005,M023,2026-04-01 15:37:00,3077.46,Purchase,Retail,City_8,WA,POS,Credit
T0788,C051,M018,2026-04-01 10:53:00,4718.21,Purchase,Electronics,City_16,TX,POS,Debit
T0789,C082,M018,2026-04-01 15:13:00,1201.44,Purchase,Electronics,City_6,CA,Online,Credit
T0790,C062,M010,2026-04-04 06:35:00,1429.25,Purchase,Grocery,City_13,FL,POS,Credit
T0791,C059,M027,2026-04-05 13:54:00,3682.77,Purchase,Online,City_11,IL,Online,Debit
T0792,C098,M028,2026-04-02 14:06:00,4063.38,Purchase,Grocery,City_8,WA,Online,Credit
T0793,C038,M009,2026-04-05 21:28:00,4607.96,Purchase,Luxury,City_7,IL,POS,Debit
T0794,C046,M021,2026-04-07 01:37:00,3040.08,Purchase,Electronics,City_3,IL,POS,Credit
T0795,C004,M001,2026-04-06 22:39:00,4418.84,Purchase,Luxury,City_18,WA,POS,Credit
T0796,C002,M028,2026-04-06 07:33:00,4741.3,Purchase,Grocery,City_18,IL,POS,Debit
T0797,C046,M007,2026-04-05 21:49:00,987.58,Purchase,Retail,City_1,WA,POS,Debit
T0798,C005,M025,2026-04-04 04:16:00,3327.62,Purchase,Retail,City_12,IL,Online,Credit
T0799,C055,M004,2026-04-04 09:19:00,403.77,Purchase,Grocery,City_4,CA,Online,Debit
T0800,C006,M030,2026-04-03 07:27:00,3675.28,Purchase,Luxury,City_12,WA,Online,Credit
T0801,C019,M010,2026-04-05 10:45:00,3970.21,Purchase,Grocery,City_13,WA,Online,Credit
T0802,C011,M005,2026-04-04 22:46:00,4829.94,Purchase,Luxury,City_12,IL,POS,Credit
T0803,C041,M016,2026-04-02 12:45:00,1255.23,Purchase,Retail,City_17,FL,Online,Credit
T0804,C030,M008,2026-04-02 01:41:00,2393.64,Purchase,Travel,City_14,TX,Online,Debit
T0805,C006,M018,2026-04-04 20:09:00,3964.67,Purchase,Electronics,City_10,CA,POS,Debit
T0806,C017,M016,2026-04-07 13:35:00,2695.97,Purchase,Retail,City_15,NY,Online,Debit
T0807,C082,M017,2026-04-04 08:06:00,3055.15,Purchase,Travel,City_14,WA,POS,Debit
T0808,C008,M022,2026-04-04 07:03:00,4335.85,Purchase,Online,City_2,FL,POS,Debit
T0809,C062,M008,2026-04-02 01:45:00,1086.8,Purchase,Travel,City_9,WA,Online,Debit
T0810,C050,M010,2026-04-03 23:28:00,2783.2,Purchase,Grocery,City_4,IL,POS,Debit
T0811,C074,M003,2026-04-06 17:54:00,3796.99,Purchase,Online,City_9,IL,Online,Credit
T0812,C076,M010,2026-04-02 02:57:00,515.56,Purchase,Grocery,City_11,WA,Online,Credit
T0813,C022,M023,2026-04-03 05:57:00,316.2,Purchase,Retail,City_12,CA,Online,Debit
T0814,C100,M027,2026-04-05 19:53:00,4185.6,Purchase,Online,City_7,FL,Online,Debit
T0815,C032,M011,2026-04-07 09:28:00,4437.81,Purchase,Luxury,City_1,TX,Online,Credit
T0816,C007,M002,2026-04-06 08:11:00,2243.1,Purchase,Luxury,City_17,IL,POS,Credit
T0817,C052,M027,2026-04-05 08:27:00,1735.3,Purchase,Online,City_20,CA,Online,Credit
T0818,C044,M018,2026-04-05 13:46:00,1887.04,Purchase,Electronics,City_5,WA,Online,Debit
T0819,C004,M019,2026-04-03 07:10:00,1528.86,Purchase,Luxury,City_10,WA,POS,Credit
T0820,C091,M025,2026-04-07 00:43:00,1324.16,Purchase,Retail,City_3,IL,Online,Debit
T0821,C034,M021,2026-04-01 03:24:00,4030.61,Purchase,Electronics,City_6,CA,POS,Credit
T0822,C081,M016,2026-04-04 01:28:00,4422.88,Purchase,Retail,City_20,FL,Online,Debit
T0823,C004,M015,2026-04-04 03:40:00,2990.37,Purchase,Electronics,City_18,NY,Online,Credit
T0824,C010,M012,2026-04-06 04:55:00,4597.87,Purchase,Grocery,City_7,TX,Online,Credit
T0825,C073,M012,2026-04-05 17:15:00,4665.33,Purchase,Grocery,City_20,TX,POS,Debit
T0826,C060,M006,2026-04-07 08:10:00,1186.97,Purchase,Electronics,City_7,WA,POS,Credit
T0827,C096,M030,2026-04-01 06:21:00,3747.98,Purchase,Luxury,City_12,FL,Online,Credit
T0828,C063,M018,2026-04-05 03:15:00,1761.85,Purchase,Electronics,City_4,NY,POS,Credit
T0829,C002,M016,2026-04-02 05:14:00,4349.51,Purchase,Retail,City_16,NY,Online,Credit
T0830,C071,M019,2026-04-05 05:51:00,3019.92,Purchase,Luxury,City_9,NY,POS,Debit
T0831,C008,M014,2026-04-06 12:07:00,2935.19,Purchase,Grocery,City_9,TX,POS,Credit
T0832,C047,M001,2026-04-04 20:00:00,1614.13,Purchase,Luxury,City_14,CA,Online,Credit
T0833,C040,M018,2026-04-07 04:44:00,4956.12,Purchase,Electronics,City_19,WA,POS,Debit
T0834,C025,M028,2026-04-06 00:50:00,584.16,Purchase,Grocery,City_19,FL,Online,Debit
T0835,C013,M011,2026-04-07 18:37:00,748.56,Purchase,Luxury,City_20,TX,POS,Debit
T0836,C017,M020,2026-04-01 23:09:00,1795.95,Purchase,Travel,City_3,NY,POS,Credit
T0837,C041,M021,2026-04-06 17:01:00,685.27,Purchase,Electronics,City_11,TX,Online,Credit
T0838,C034,M008,2026-04-06 06:06:00,4572.63,Purchase,Travel,City_12,IL,Online,Credit
T0839,C072,M014,2026-04-07 22:35:00,4815.89,Purchase,Grocery,City_4,NY,POS,Credit
T0840,C009,M016,2026-04-04 09:21:00,4273.26,Purchase,Retail,City_14,FL,Online,Credit
T0841,C022,M026,2026-04-04 09:07:00,3653.25,Purchase,Retail,City_6,WA,POS,Credit
T0842,C090,M030,2026-04-06 16:53:00,2890.95,Purchase,Luxury,City_5,FL,POS,Credit
T0843,C084,M023,2026-04-04 02:25:00,1836.21,Purchase,Retail,City_15,IL,Online,Debit
T0844,C100,M005,2026-04-02 23:08:00,1032.52,Purchase,Luxury,City_13,IL,POS,Credit
T0845,C041,M022,2026-04-02 04:36:00,706.66,Purchase,Online,City_11,IL,Online,Credit
T0846,C015,M012,2026-04-06 13:27:00,4956.05,Purchase,Grocery,City_14,FL,POS,Credit
T0847,C030,M021,2026-04-07 07:50:00,4484.52,Purchase,Electronics,City_2,FL,Online,Debit
T0848,C024,M027,2026-04-04 18:04:00,4051.84,Purchase,Online,City_19,TX,POS,Debit
T0849,C020,M026,2026-04-05 12:17:00,724.11,Purchase,Retail,City_7,IL,Online,Credit
T0850,C041,M029,2026-04-01 04:12:00,2103.46,Purchase,Travel,City_17,FL,Online,Debit
T0851,C030,M014,2026-04-07 06:19:00,2557.12,Purchase,Grocery,City_19,IL,POS,Debit
T0852,C003,M009,2026-04-02 08:14:00,2807.94,Purchase,Luxury,City_18,IL,POS,Debit
T0853,C088,M002,2026-04-01 14:12:00,4861.01,Purchase,Luxury,City_20,IL,Online,Credit
T0854,C089,M026,2026-04-01 16:35:00,1657.06,Purchase,Retail,City_6,FL,Online,Debit
T0855,C038,M025,2026-04-07 11:52:00,2342.36,Purchase,Retail,City_10,IL,POS,Credit
T0856,C038,M012,2026-04-02 07:13:00,137.02,Purchase,Grocery,City_3,FL,POS,Credit
T0857,C074,M012,2026-04-07 20:32:00,1320.9,Purchase,Grocery,City_16,WA,POS,Credit
T0858,C093,M016,2026-04-02 17:17:00,3129.59,Purchase,Retail,City_19,CA,POS,Credit
T0859,C100,M007,2026-04-03 21:23:00,4629.01,Purchase,Retail,City_18,FL,POS,Credit
T0860,C071,M028,2026-04-07 06:52:00,554.17,Purchase,Grocery,City_18,FL,POS,Credit
T0861,C069,M020,2026-04-02 15:29:00,4237.02,Purchase,Travel,City_15,WA,Online,Credit
T0862,C049,M011,2026-04-04 01:34:00,892.09,Purchase,Luxury,City_14,IL,POS,Debit
T0863,C004,M030,2026-04-01 07:32:00,280.77,Purchase,Luxury,City_10,CA,Online,Debit
T0864,C014,M016,2026-04-05 17:36:00,4537.32,Purchase,Retail,City_14,IL,Online,Credit
T0865,C084,M015,2026-04-01 08:56:00,2593.25,Purchase,Electronics,City_14,IL,POS,Debit
T0866,C037,M016,2026-04-03 09:54:00,1429.97,Purchase,Retail,City_13,CA,Online,Debit
T0867,C094,M023,2026-04-07 02:26:00,3692.28,Purchase,Retail,City_17,TX,POS,Debit
T0868,C063,M020,2026-04-03 03:17:00,2723.32,Purchase,Travel,City_17,WA,POS,Credit
T0869,C095,M015,2026-04-03 16:39:00,4552.62,Purchase,Electronics,City_3,TX,POS,Credit
T0870,C018,M012,2026-04-05 23:53:00,4015.76,Purchase,Grocery,City_5,WA,POS,Debit
T0871,C093,M021,2026-04-04 16:26:00,2266.69,Purchase,Electronics,City_11,CA,POS,Debit
T0872,C059,M028,2026-04-04 13:06:00,51.53,Purchase,Grocery,City_4,IL,POS,Debit
T0873,C069,M015,2026-04-04 06:21:00,4727.1,Purchase,Electronics,City_2,IL,POS,Debit
T0874,C029,M007,2026-04-04 11:31:00,260.85,Purchase,Retail,City_13,IL,POS,Credit
T0875,C046,M002,2026-04-01 19:26:00,254.07,Purchase,Luxury,City_11,IL,Online,Debit
T0876,C043,M009,2026-04-06 23:19:00,4710.04,Purchase,Luxury,City_4,TX,POS,Credit
T0877,C073,M010,2026-04-01 10:31:00,3600.98,Purchase,Grocery,City_18,FL,POS,Credit
T0878,C072,M024,2026-04-03 21:53:00,2176.96,Purchase,Electronics,City_17,WA,Online,Debit
T0879,C071,M006,2026-04-01 03:11:00,4595.29,Purchase,Electronics,City_2,WA,POS,Debit
T0880,C071,M019,2026-04-06 08:51:00,1791.13,Purchase,Luxury,City_6,CA,Online,Credit
T0881,C083,M012,2026-04-03 16:47:00,3106.4,Purchase,Grocery,City_2,IL,POS,Debit
T0882,C001,M001,2026-04-04 13:09:00,2839.48,Purchase,Luxury,City_12,WA,Online,Debit
T0883,C058,M016,2026-04-03 09:41:00,4646.66,Purchase,Retail,City_12,TX,POS,Credit
T0884,C056,M027,2026-04-04 17:20:00,1402.92,Purchase,Online,City_18,CA,Online,Debit
T0885,C022,M009,2026-04-01 10:03:00,2654.73,Purchase,Luxury,City_5,NY,POS,Debit
T0886,C005,M022,2026-04-03 11:44:00,3669.29,Purchase,Online,City_2,WA,POS,Credit
T0887,C094,M026,2026-04-04 10:15:00,3685.33,Purchase,Retail,City_18,CA,Online,Credit
T0888,C010,M007,2026-04-07 09:00:00,2350.01,Purchase,Retail,City_15,IL,Online,Debit
T0889,C032,M017,2026-04-06 16:00:00,4737.26,Purchase,Travel,City_17,WA,POS,Debit
T0890,C081,M002,2026-04-04 23:34:00,4469.91,Purchase,Luxury,City_10,FL,POS,Debit
T0891,C061,M011,2026-04-04 04:57:00,2784.77,Purchase,Luxury,City_11,CA,POS,Debit
T0892,C085,M017,2026-04-03 18:46:00,1911.51,Purchase,Travel,City_10,IL,POS,Credit
T0893,C088,M008,2026-04-02 10:40:00,1728.8,Purchase,Travel,City_4,NY,Online,Debit
T0894,C098,M026,2026-04-03 03:58:00,3303.02,Purchase,Retail,City_8,FL,POS,Credit
T0895,C067,M013,2026-04-04 07:39:00,4069.84,Purchase,Retail,City_16,IL,POS,Debit
T0896,C010,M009,2026-04-06 21:51:00,150.55,Purchase,Luxury,City_3,NY,POS,Debit
T0897,C089,M019,2026-04-01 19:44:00,2210.23,Purchase,Luxury,City_10,NY,Online,Debit
T0898,C047,M024,2026-04-05 03:50:00,3499.18,Purchase,Electronics,City_1,CA,POS,Credit
T0899,C062,M022,2026-04-01 21:51:00,608.05,Purchase,Online,City_16,IL,Online,Debit
T0900,C071,M006,2026-04-05 11:54:00,3540.06,Purchase,Electronics,City_1,FL,POS,Debit
T0901,C026,M018,2026-04-04 06:59:00,2182.63,Purchase,Electronics,City_8,NY,Online,Debit
T0902,C066,M001,2026-04-01 20:34:00,4535.97,Purchase,Luxury,City_18,WA,Online,Debit
T0903,C063,M003,2026-04-05 13:38:00,1506.02,Purchase,Online,City_11,IL,Online,Debit
T0904,C026,M014,2026-04-02 20:52:00,1629.85,Purchase,Grocery,City_2,TX,Online,Credit
T0905,C084,M008,2026-04-05 04:55:00,4798.65,Purchase,Travel,City_14,WA,Online,Debit
T0906,C014,M019,2026-04-07 02:12:00,1796.75,Purchase,Luxury,City_18,WA,Online,Debit
T0907,C098,M002,2026-04-05 20:04:00,2277.72,Purchase,Luxury,City_20,TX,POS,Debit
T0908,C010,M030,2026-04-06 02:06:00,2469.47,Purchase,Luxury,City_16,TX,Online,Credit
T0909,C050,M024,2026-04-03 21:42:00,3462.58,Purchase,Electronics,City_2,NY,POS,Debit
T0910,C002,M011,2026-04-01 18:21:00,2281.84,Purchase,Luxury,City_3,NY,Online,Credit
T0911,C023,M014,2026-04-06 17:16:00,4029.25,Purchase,Grocery,City_3,WA,POS,Credit
T0912,C087,M001,2026-04-06 14:57:00,681.33,Purchase,Luxury,City_14,FL,Online,Credit
T0913,C039,M005,2026-04-07 18:13:00,936.16,Purchase,Luxury,City_18,CA,Online,Debit
T0914,C003,M030,2026-04-01 23:35:00,1607.96,Purchase,Luxury,City_15,FL,Online,Credit
T0915,C022,M001,2026-04-05 00:38:00,3901.15,Purchase,Luxury,City_18,FL,POS,Debit
T0916,C084,M014,2026-04-01 19:05:00,1827.8,Purchase,Grocery,City_5,WA,POS,Debit
T0917,C009,M016,2026-04-04 01:22:00,1250.4,Purchase,Retail,City_17,CA,POS,Debit
T0918,C053,M007,2026-04-01 00:03:00,605.33,Purchase,Retail,City_14,CA,POS,Debit
T0919,C095,M024,2026-04-01 01:38:00,1714.86,Purchase,Electronics,City_18,NY,POS,Debit
T0920,C004,M004,2026-04-02 03:44:00,2775.88,Purchase,Grocery,City_1,NY,POS,Debit
T0921,C009,M021,2026-04-03 21:39:00,4733.44,Purchase,Electronics,City_3,NY,POS,Debit
T0922,C014,M029,2026-04-05 19:15:00,1457.37,Purchase,Travel,City_13,FL,Online,Debit
T0923,C018,M014,2026-04-01 05:56:00,1542.72,Purchase,Grocery,City_5,TX,POS,Credit
T0924,C079,M005,2026-04-01 11:34:00,4684.14,Purchase,Luxury,City_14,CA,Online,Debit
T0925,C095,M022,2026-04-02 03:02:00,4795.75,Purchase,Online,City_11,FL,Online,Credit
T0926,C023,M008,2026-04-05 15:36:00,3029.27,Purchase,Travel,City_13,FL,Online,Debit
T0927,C034,M020,2026-04-07 06:47:00,1160.62,Purchase,Travel,City_18,WA,Online,Debit
T0928,C008,M011,2026-04-06 12:27:00,1663.36,Purchase,Luxury,City_15,CA,Online,Debit
T0929,C029,M022,2026-04-03 22:35:00,2526.79,Purchase,Online,City_17,NY,Online,Debit
T0930,C052,M003,2026-04-06 00:07:00,4245.94,Purchase,Online,City_16,FL,Online,Credit
T0931,C026,M026,2026-04-02 12:59:00,2065.72,Purchase,Retail,City_17,IL,Online,Credit
T0932,C046,M006,2026-04-03 08:23:00,376.58,Purchase,Electronics,City_15,FL,Online,Debit
T0933,C021,M022,2026-04-06 09:14:00,4822.88,Purchase,Online,City_20,NY,Online,Credit
T0934,C057,M009,2026-04-07 06:20:00,1029.3,Purchase,Luxury,City_18,TX,Online,Credit
T0935,C030,M002,2026-04-06 07:25:00,1977.1,Purchase,Luxury,City_5,IL,POS,Debit
T0936,C026,M009,2026-04-04 15:42:00,1578.81,Purchase,Luxury,City_5,NY,POS,Debit
T0937,C081,M005,2026-04-05 08:02:00,4261.83,Purchase,Luxury,City_17,IL,Online,Credit
T0938,C074,M004,2026-04-02 10:57:00,4071.96,Purchase,Grocery,City_1,CA,POS,Credit
T0939,C021,M027,2026-04-03 19:54:00,4640.48,Purchase,Online,City_18,IL,POS,Debit
T0940,C009,M011,2026-04-07 03:14:00,251.6,Purchase,Luxury,City_10,FL,Online,Credit
T0941,C090,M018,2026-04-02 04:55:00,1290.45,Purchase,Electronics,City_9,WA,POS,Credit
T0942,C068,M004,2026-04-03 06:39:00,2952.22,Purchase,Grocery,City_5,IL,POS,Debit
T0943,C015,M029,2026-04-06 14:46:00,3175.2,Purchase,Travel,City_4,TX,Online,Credit
T0944,C051,M016,2026-04-02 04:35:00,1374.43,Purchase,Retail,City_8,FL,POS,Debit
T0945,C078,M025,2026-04-04 06:34:00,1418.26,Purchase,Retail,City_4,CA,POS,Credit
T0946,C081,M022,2026-04-06 19:34:00,2568.67,Purchase,Online,City_1,TX,Online,Credit
T0947,C020,M025,2026-04-04 09:58:00,4860.37,Purchase,Retail,City_1,IL,Online,Debit
T0948,C016,M005,2026-04-05 12:01:00,1109.02,Purchase,Luxury,City_10,NY,Online,Debit
T0949,C095,M017,2026-04-03 17:10:00,2640.35,Purchase,Travel,City_14,CA,POS,Debit
T0950,C007,M009,2026-04-03 10:23:00,2228.77,Purchase,Luxury,City_11,CA,POS,Debit
T0951,C087,M002,2026-04-07 00:48:00,2203.61,Purchase,Luxury,City_15,FL,Online,Credit
T0952,C074,M021,2026-04-04 23:38:00,1469.04,Purchase,Electronics,City_9,WA,POS,Debit
T0953,C043,M005,2026-04-01 01:19:00,4575.43,Purchase,Luxury,City_7,FL,Online,Credit
T0954,C061,M001,2026-04-01 14:53:00,1145.33,Purchase,Luxury,City_14,NY,Online,Debit
T0955,C026,M028,2026-04-02 11:05:00,4019.92,Purchase,Grocery,City_1,NY,POS,Credit
T0956,C056,M005,2026-04-01 12:51:00,936.55,Purchase,Luxury,City_1,WA,POS,Debit
T0957,C064,M023,2026-04-04 05:18:00,3438.25,Purchase,Retail,City_10,WA,Online,Debit
T0958,C055,M019,2026-04-06 06:38:00,3918.87,Purchase,Luxury,City_19,CA,POS,Debit
T0959,C035,M016,2026-04-05 10:40:00,2133.68,Purchase,Retail,City_10,TX,Online,Debit
T0960,C051,M012,2026-04-07 20:52:00,2156.58,Purchase,Grocery,City_9,NY,POS,Credit
T0961,C056,M005,2026-04-02 08:31:00,4142.98,Purchase,Luxury,City_18,TX,Online,Debit
T0962,C074,M013,2026-04-04 13:29:00,196.14,Purchase,Retail,City_19,FL,POS,Credit
T0963,C019,M026,2026-04-04 03:40:00,820.47,Purchase,Retail,City_4,WA,Online,Debit
T0964,C087,M021,2026-04-02 23:16:00,3603.45,Purchase,Electronics,City_17,WA,Online,Credit
T0965,C050,M014,2026-04-02 11:24:00,4669.25,Purchase,Grocery,City_11,IL,Online,Credit
T0966,C007,M005,2026-04-03 15:45:00,3159.88,Purchase,Luxury,City_6,CA,Online,Debit
T0967,C075,M018,2026-04-02 11:40:00,587.83,Purchase,Electronics,City_3,NY,POS,Credit
T0968,C083,M009,2026-04-04 13:21:00,302.58,Purchase,Luxury,City_19,WA,Online,Debit
T0969,C015,M011,2026-04-04 22:16:00,3777.91,Purchase,Luxury,City_11,FL,Online,Debit
T0970,C090,M010,2026-04-04 17:39:00,985.33,Purchase,Grocery,City_4,TX,POS,Debit
T0971,C024,M014,2026-04-01 00:37:00,4368.46,Purchase,Grocery,City_2,CA,POS,Debit
T0972,C056,M016,2026-04-07 19:47:00,665.32,Purchase,Retail,City_13,NY,POS,Credit
T0973,C091,M007,2026-04-06 07:54:00,663.36,Purchase,Retail,City_1,CA,Online,Credit
T0974,C065,M006,2026-04-01 13:33:00,3742.73,Purchase,Electronics,City_13,FL,POS,Debit
T0975,C072,M004,2026-04-03 21:03:00,1151.9,Purchase,Grocery,City_7,TX,Online,Debit
T0976,C098,M006,2026-04-02 18:44:00,1099.75,Purchase,Electronics,City_7,NY,POS,Credit
T0977,C058,M026,2026-04-04 21:10:00,1119.05,Purchase,Retail,City_19,NY,POS,Credit
T0978,C002,M023,2026-04-07 14:53:00,3018.97,Purchase,Retail,City_11,IL,POS,Debit
T0979,C074,M009,2026-04-05 05:17:00,170.37,Purchase,Luxury,City_17,TX,Online,Debit
T0980,C092,M015,2026-04-05 08:56:00,3771.27,Purchase,Electronics,City_11,TX,Online,Debit
T0981,C014,M010,2026-04-06 15:22:00,4994.28,Purchase,Grocery,City_6,CA,POS,Debit
T0982,C080,M018,2026-04-01 10:24:00,1456.58,Purchase,Electronics,City_10,FL,POS,Debit
T0983,C027,M013,2026-04-04 10:40:00,3598.64,Purchase,Retail,City_3,FL,Online,Credit
T0984,C065,M029,2026-04-04 20:11:00,4424.92,Purchase,Travel,City_16,WA,POS,Credit
T0985,C046,M028,2026-04-05 17:19:00,3316.85,Purchase,Grocery,City_15,CA,Online,Credit
T0986,C003,M011,2026-04-06 18:02:00,462.96,Purchase,Luxury,City_5,WA,POS,Credit
T0987,C057,M028,2026-04-05 11:21:00,164.55,Purchase,Grocery,City_13,TX,POS,Credit
T0988,C060,M001,2026-04-02 20:17:00,4129.86,Purchase,Luxury,City_14,TX,POS,Credit
T0989,C099,M030,2026-04-04 17:23:00,1087.3,Purchase,Luxury,City_14,CA,Online,Debit
T0990,C006,M001,2026-04-06 01:48:00,2514.07,Purchase,Luxury,City_20,TX,POS,Debit
T0991,C072,M027,2026-04-02 09:08:00,4577.87,Purchase,Online,City_18,CA,POS,Credit
T0992,C015,M012,2026-04-07 04:54:00,977.07,Purchase,Grocery,City_5,IL,POS,Credit
T0993,C011,M018,2026-04-06 06:29:00,4039.31,Purchase,Electronics,City_13,FL,POS,Credit
T0994,C005,M004,2026-04-06 15:22:00,1177.39,Purchase,Grocery,City_9,FL,Online,Credit
T0995,C014,M025,2026-04-05 09:19:00,4934.91,Purchase,Retail,City_13,NY,POS,Debit
T0996,C001,M015,2026-04-04 20:50:00,3301.14,Purchase,Electronics,City_18,NY,POS,Debit
T0997,C027,M004,2026-04-01 20:25:00,3270.57,Purchase,Grocery,City_1,IL,POS,Credit
T0998,C009,M014,2026-04-05 16:49:00,2295.75,Purchase,Grocery,City_20,NY,Online,Debit
T0999,C083,M026,2026-04-02 21:57:00,3394.98,Purchase,Retail,City_14,WA,Online,Debit
T1000,C090,M003,2026-04-04 19:51:00,4597.49,Purchase,Online,City_14,CA,POS,Debit
